x_m,tau_s,C_EGDA_mol_L,C_EGDA_eq_mol_L,C_EGMA_mol_L,C_EGMA_eq_mol_L,C_EG_mol_L,C_EG_eq_mol_L,C_AcOH_mol_L,C_AcOH_eq_mol_L
0.00000000e+00,0.00000000e+00,2.50000000e-01,1.84788700e-04,0.00000000e+00,1.32241234e-02,0.00000000e+00,2.36591088e-01,0.00000000e+00,4.86406299e-01
1.00000000e-03,7.53982237e-01,2.49797725e-01,1.84788700e-04,2.02234158e-04,1.32241234e-02,4.06115290e-08,2.36591088e-01,2.02315381e-04,4.86406299e-01
2.00000000e-03,1.50796447e+00,2.49595615e-01,1.84788700e-04,4.04222738e-04,1.32241234e-02,1.62381140e-07,2.36591088e-01,4.04547500e-04,4.86406299e-01
3.00000000e-03,2.26194671e+00,2.49393669e-01,1.84788700e-04,6.05965972e-04,1.32241234e-02,3.65209250e-07,2.36591088e-01,6.06696391e-04,4.86406299e-01
4.00000000e-03,3.01592895e+00,2.49191887e-01,1.84788700e-04,8.07464092e-04,1.32241234e-02,6.48996780e-07,2.36591088e-01,8.08762085e-04,4.86406299e-01
5.00000000e-03,3.76991118e+00,2.48990269e-01,1.84788700e-04,1.00871733e-03,1.32241234e-02,1.01364474e-06,2.36591088e-01,1.01074462e-03,4.86406299e-01
6.00000000e-03,4.52389342e+00,2.48788815e-01,1.84788700e-04,1.20972591e-03,1.32241234e-02,1.45905422e-06,2.36591088e-01,1.21264402e-03,4.86406299e-01
7.00000000e-03,5.27787566e+00,2.48587525e-01,1.84788700e-04,1.41049008e-03,1.32241234e-02,1.98512643e-06,2.36591088e-01,1.41446033e-03,4.86406299e-01
8.00000000e-03,6.03185789e+00,2.48386398e-01,1.84788700e-04,1.61101006e-03,1.32241234e-02,2.59176264e-06,2.36591088e-01,1.61619358e-03,4.86406299e-01
9.00000000e-03,6.78584013e+00,2.48185435e-01,1.84788700e-04,1.81128607e-03,1.32241234e-02,3.27886423e-06,2.36591088e-01,1.81784380e-03,4.86406299e-01
1.00000000e-02,7.53982237e+00,2.47984635e-01,1.84788700e-04,2.01131836e-03,1.32241234e-02,4.04633266e-06,2.36591088e-01,2.01941103e-03,4.86406299e-01
1.10000000e-02,8.29380461e+00,2.47783999e-01,1.84788700e-04,2.21110715e-03,1.32241234e-02,4.89406951e-06,2.36591088e-01,2.22089529e-03,4.86406299e-01
1.20000000e-02,9.04778684e+00,2.47583525e-01,1.84788700e-04,2.41065267e-03,1.32241234e-02,5.82197641e-06,2.36591088e-01,2.42229663e-03,4.86406299e-01
1.30000000e-02,9.80176908e+00,2.47383215e-01,1.84788700e-04,2.60995516e-03,1.32241234e-02,6.82995511e-06,2.36591088e-01,2.62361507e-03,4.86406299e-01
1.40000000e-02,1.05557513e+01,2.47183067e-01,1.84788700e-04,2.80901484e-03,1.32241234e-02,7.91790745e-06,2.36591088e-01,2.82485065e-03,4.86406299e-01
1.50000000e-02,1.13097336e+01,2.46983082e-01,1.84788700e-04,3.00783193e-03,1.32241234e-02,9.08573535e-06,2.36591088e-01,3.02600340e-03,4.86406299e-01
1.60000000e-02,1.20637158e+01,2.46783260e-01,1.84788700e-04,3.20640668e-03,1.32241234e-02,1.03333408e-05,2.36591088e-01,3.22707336e-03,4.86406299e-01
1.70000000e-02,1.28176980e+01,2.46583600e-01,1.84788700e-04,3.40473931e-03,1.32241234e-02,1.16606260e-05,2.36591088e-01,3.42806056e-03,4.86406299e-01
1.80000000e-02,1.35716803e+01,2.46384102e-01,1.84788700e-04,3.60283004e-03,1.32241234e-02,1.30674931e-05,2.36591088e-01,3.62896503e-03,4.86406299e-01
1.90000000e-02,1.43256625e+01,2.46184767e-01,1.84788700e-04,3.80067912e-03,1.32241234e-02,1.45538443e-05,2.36591088e-01,3.82978681e-03,4.86406299e-01
2.00000000e-02,1.50796447e+01,2.45985594e-01,1.84788700e-04,3.99828676e-03,1.32241234e-02,1.61195821e-05,2.36591088e-01,4.03052592e-03,4.86406299e-01
2.10000000e-02,1.58336270e+01,2.45786582e-01,1.84788700e-04,4.19565319e-03,1.32241234e-02,1.77646089e-05,2.36591088e-01,4.23118241e-03,4.86406299e-01
2.20000000e-02,1.65876092e+01,2.45587733e-01,1.84788700e-04,4.39277865e-03,1.32241234e-02,1.94888273e-05,2.36591088e-01,4.43175630e-03,4.86406299e-01
2.30000000e-02,1.73415914e+01,2.45389045e-01,1.84788700e-04,4.58966335e-03,1.32241234e-02,2.12921400e-05,2.36591088e-01,4.63224763e-03,4.86406299e-01
2.40000000e-02,1.80955737e+01,2.45190518e-01,1.84788700e-04,4.78630754e-03,1.32241234e-02,2.31744497e-05,2.36591088e-01,4.83265644e-03,4.86406299e-01
2.50000000e-02,1.88495559e+01,2.44992153e-01,1.84788700e-04,4.98271143e-03,1.32241234e-02,2.51356592e-05,2.36591088e-01,5.03298274e-03,4.86406299e-01
2.60000000e-02,1.96035382e+01,2.44793949e-01,1.84788700e-04,5.17887525e-03,1.32241234e-02,2.71756715e-05,2.36591088e-01,5.23322659e-03,4.86406299e-01
2.70000000e-02,2.03575204e+01,2.44595906e-01,1.84788700e-04,5.37479923e-03,1.32241234e-02,2.92943895e-05,2.36591088e-01,5.43338801e-03,4.86406299e-01
2.80000000e-02,2.11115026e+01,2.44398025e-01,1.84788700e-04,5.57048360e-03,1.32241234e-02,3.14917165e-05,2.36591088e-01,5.63346703e-03,4.86406299e-01
2.90000000e-02,2.18654849e+01,2.44200304e-01,1.84788700e-04,5.76592858e-03,1.32241234e-02,3.37675555e-05,2.36591088e-01,5.83346369e-03,4.86406299e-01
3.00000000e-02,2.26194671e+01,2.44002744e-01,1.84788700e-04,5.96113441e-03,1.32241234e-02,3.61218099e-05,2.36591088e-01,6.03337803e-03,4.86406299e-01
3.10000000e-02,2.33734493e+01,2.43805344e-01,1.84788700e-04,6.15610130e-03,1.32241234e-02,3.85543830e-05,2.36591088e-01,6.23321006e-03,4.86406299e-01
3.20000000e-02,2.41274316e+01,2.43608105e-01,1.84788700e-04,6.35082948e-03,1.32241234e-02,4.10651784e-05,2.36591088e-01,6.43295984e-03,4.86406299e-01
3.30000000e-02,2.48814138e+01,2.43411027e-01,1.84788700e-04,6.54531919e-03,1.32241234e-02,4.36540995e-05,2.36591088e-01,6.63262738e-03,4.86406299e-01
3.40000000e-02,2.56353961e+01,2.43214108e-01,1.84788700e-04,6.73957063e-03,1.32241234e-02,4.63210500e-05,2.36591088e-01,6.83221273e-03,4.86406299e-01
3.50000000e-02,2.63893783e+01,2.43017350e-01,1.84788700e-04,6.93358405e-03,1.32241234e-02,4.90659337e-05,2.36591088e-01,7.03171592e-03,4.86406299e-01
3.60000000e-02,2.71433605e+01,2.42820752e-01,1.84788700e-04,7.12735967e-03,1.32241234e-02,5.18886544e-05,2.36591088e-01,7.23113697e-03,4.86406299e-01
3.70000000e-02,2.78973428e+01,2.42624313e-01,1.84788700e-04,7.32089770e-03,1.32241234e-02,5.47891160e-05,2.36591088e-01,7.43047593e-03,4.86406299e-01
3.80000000e-02,2.86513250e+01,2.42428034e-01,1.84788700e-04,7.51419838e-03,1.32241234e-02,5.77672225e-05,2.36591088e-01,7.62973283e-03,4.86406299e-01
3.90000000e-02,2.94053072e+01,2.42231915e-01,1.84788700e-04,7.70726194e-03,1.32241234e-02,6.08228780e-05,2.36591088e-01,7.82890769e-03,4.86406299e-01
4.00000000e-02,3.01592895e+01,2.42035955e-01,1.84788700e-04,7.90008858e-03,1.32241234e-02,6.39559867e-05,2.36591088e-01,8.02800056e-03,4.86406299e-01
4.10000000e-02,3.09132717e+01,2.41840155e-01,1.84788700e-04,8.09267855e-03,1.32241234e-02,6.71664529e-05,2.36591088e-01,8.22701146e-03,4.86406299e-01
4.20000000e-02,3.16672539e+01,2.41644514e-01,1.84788700e-04,8.28503207e-03,1.32241234e-02,7.04541810e-05,2.36591088e-01,8.42594043e-03,4.86406299e-01
4.30000000e-02,3.24212362e+01,2.41449032e-01,1.84788700e-04,8.47714935e-03,1.32241234e-02,7.38190754e-05,2.36591088e-01,8.62478750e-03,4.86406299e-01
4.40000000e-02,3.31752184e+01,2.41253708e-01,1.84788700e-04,8.66903062e-03,1.32241234e-02,7.72610406e-05,2.36591088e-01,8.82355270e-03,4.86406299e-01
4.50000000e-02,3.39292007e+01,2.41058544e-01,1.84788700e-04,8.86067611e-03,1.32241234e-02,8.07799813e-05,2.36591088e-01,9.02223607e-03,4.86406299e-01
4.60000000e-02,3.46831829e+01,2.40863538e-01,1.84788700e-04,9.05208604e-03,1.32241234e-02,8.43758023e-05,2.36591088e-01,9.22083765e-03,4.86406299e-01
4.70000000e-02,3.54371651e+01,2.40668691e-01,1.84788700e-04,9.24326064e-03,1.32241234e-02,8.80484083e-05,2.36591088e-01,9.41935745e-03,4.86406299e-01
4.80000000e-02,3.61911474e+01,2.40474002e-01,1.84788700e-04,9.43420011e-03,1.32241234e-02,9.17977043e-05,2.36591088e-01,9.61779552e-03,4.86406299e-01
4.90000000e-02,3.69451296e+01,2.40279472e-01,1.84788700e-04,9.62490470e-03,1.32241234e-02,9.56235952e-05,2.36591088e-01,9.81615189e-03,4.86406299e-01
5.00000000e-02,3.76991118e+01,2.40085099e-01,1.84788700e-04,9.81537462e-03,1.32241234e-02,9.95259862e-05,2.36591088e-01,1.00144266e-02,4.86406299e-01
5.10000000e-02,3.84530941e+01,2.39890885e-01,1.84788700e-04,1.00056101e-02,1.32241234e-02,1.03504782e-04,2.36591088e-01,1.02126197e-02,4.86406299e-01
5.20000000e-02,3.92070763e+01,2.39696829e-01,1.84788700e-04,1.01956113e-02,1.32241234e-02,1.07559889e-04,2.36591088e-01,1.04107311e-02,4.86406299e-01
5.30000000e-02,3.99610586e+01,2.39502930e-01,1.84788700e-04,1.03853786e-02,1.32241234e-02,1.11691211e-04,2.36591088e-01,1.06087610e-02,4.86406299e-01
5.40000000e-02,4.07150408e+01,2.39309189e-01,1.84788700e-04,1.05749121e-02,1.32241234e-02,1.15898655e-04,2.36591088e-01,1.08067094e-02,4.86406299e-01
5.50000000e-02,4.14690230e+01,2.39115606e-01,1.84788700e-04,1.07642120e-02,1.32241234e-02,1.20182125e-04,2.36591088e-01,1.10045762e-02,4.86406299e-01
5.60000000e-02,4.22230053e+01,2.38922180e-01,1.84788700e-04,1.09532786e-02,1.32241234e-02,1.24541528e-04,2.36591088e-01,1.12023616e-02,4.86406299e-01
5.70000000e-02,4.29769875e+01,2.38728911e-01,1.84788700e-04,1.11421120e-02,1.32241234e-02,1.28976769e-04,2.36591088e-01,1.14000656e-02,4.86406299e-01
5.80000000e-02,4.37309697e+01,2.38535800e-01,1.84788700e-04,1.13307126e-02,1.32241234e-02,1.33487754e-04,2.36591088e-01,1.15976881e-02,4.86406299e-01
5.90000000e-02,4.44849520e+01,2.38342845e-01,1.84788700e-04,1.15190805e-02,1.32241234e-02,1.38074388e-04,2.36591088e-01,1.17952293e-02,4.86406299e-01
6.00000000e-02,4.52389342e+01,2.38150047e-01,1.84788700e-04,1.17072159e-02,1.32241234e-02,1.42736578e-04,2.36591088e-01,1.19926891e-02,4.86406299e-01
6.10000000e-02,4.59929164e+01,2.37957407e-01,1.84788700e-04,1.18951192e-02,1.32241234e-02,1.47474230e-04,2.36591088e-01,1.21900676e-02,4.86406299e-01
6.20000000e-02,4.67468987e+01,2.37764922e-01,1.84788700e-04,1.20827904e-02,1.32241234e-02,1.52287250e-04,2.36591088e-01,1.23873649e-02,4.86406299e-01
6.30000000e-02,4.75008809e+01,2.37572595e-01,1.84788700e-04,1.22702298e-02,1.32241234e-02,1.57175544e-04,2.36591088e-01,1.25845809e-02,4.86406299e-01
6.40000000e-02,4.82548632e+01,2.37380423e-01,1.84788700e-04,1.24574376e-02,1.32241234e-02,1.62139018e-04,2.36591088e-01,1.27817157e-02,4.86406299e-01
6.50000000e-02,4.90088454e+01,2.37188408e-01,1.84788700e-04,1.26444141e-02,1.32241234e-02,1.67177579e-04,2.36591088e-01,1.29787693e-02,4.86406299e-01
6.60000000e-02,4.97628276e+01,2.36996549e-01,1.84788700e-04,1.28311595e-02,1.32241234e-02,1.72291134e-04,2.36591088e-01,1.31757418e-02,4.86406299e-01
6.70000000e-02,5.05168099e+01,2.36804846e-01,1.84788700e-04,1.30176740e-02,1.32241234e-02,1.77479588e-04,2.36591088e-01,1.33726331e-02,4.86406299e-01
6.80000000e-02,5.12707921e+01,2.36613299e-01,1.84788700e-04,1.32039577e-02,1.32241234e-02,1.82742849e-04,2.36591088e-01,1.35694434e-02,4.86406299e-01
6.90000000e-02,5.20247743e+01,2.36421908e-01,1.84788700e-04,1.33900110e-02,1.32241234e-02,1.88080823e-04,2.36591088e-01,1.37661727e-02,4.86406299e-01
7.00000000e-02,5.27787566e+01,2.36230673e-01,1.84788700e-04,1.35758341e-02,1.32241234e-02,1.93493418e-04,2.36591088e-01,1.39628209e-02,4.86406299e-01
7.10000000e-02,5.35327388e+01,2.36039592e-01,1.84788700e-04,1.37614271e-02,1.32241234e-02,1.98980539e-04,2.36591088e-01,1.41593882e-02,4.86406299e-01
7.20000000e-02,5.42867211e+01,2.35848668e-01,1.84788700e-04,1.39467903e-02,1.32241234e-02,2.04542094e-04,2.36591088e-01,1.43558745e-02,4.86406299e-01
7.30000000e-02,5.50407033e+01,2.35657898e-01,1.84788700e-04,1.41319239e-02,1.32241234e-02,2.10177991e-04,2.36591088e-01,1.45522799e-02,4.86406299e-01
7.40000000e-02,5.57946855e+01,2.35467284e-01,1.84788700e-04,1.43168281e-02,1.32241234e-02,2.15888136e-04,2.36591088e-01,1.47486044e-02,4.86406299e-01
7.50000000e-02,5.65486678e+01,2.35276824e-01,1.84788700e-04,1.45015032e-02,1.32241234e-02,2.21672437e-04,2.36591088e-01,1.49448480e-02,4.86406299e-01
7.60000000e-02,5.73026500e+01,2.35086520e-01,1.84788700e-04,1.46859493e-02,1.32241234e-02,2.27530801e-04,2.36591088e-01,1.51410109e-02,4.86406299e-01
7.70000000e-02,5.80566322e+01,2.34896370e-01,1.84788700e-04,1.48701667e-02,1.32241234e-02,2.33463135e-04,2.36591088e-01,1.53370929e-02,4.86406299e-01
7.80000000e-02,5.88106145e+01,2.34706375e-01,1.84788700e-04,1.50541555e-02,1.32241234e-02,2.39469347e-04,2.36591088e-01,1.55330942e-02,4.86406299e-01
7.90000000e-02,5.95645967e+01,2.34516535e-01,1.84788700e-04,1.52379161e-02,1.32241234e-02,2.45549345e-04,2.36591088e-01,1.57290148e-02,4.86406299e-01
8.00000000e-02,6.03185789e+01,2.34326848e-01,1.84788700e-04,1.54214487e-02,1.32241234e-02,2.51703036e-04,2.36591088e-01,1.59248547e-02,4.86406299e-01
8.10000000e-02,6.10725612e+01,2.34137316e-01,1.84788700e-04,1.56047533e-02,1.32241234e-02,2.57930329e-04,2.36591088e-01,1.61206140e-02,4.86406299e-01
8.20000000e-02,6.18265434e+01,2.33947939e-01,1.84788700e-04,1.57878303e-02,1.32241234e-02,2.64231130e-04,2.36591088e-01,1.63162926e-02,4.86406299e-01
8.30000000e-02,6.25805257e+01,2.33758715e-01,1.84788700e-04,1.59706799e-02,1.32241234e-02,2.70605349e-04,2.36591088e-01,1.65118906e-02,4.86406299e-01
8.40000000e-02,6.33345079e+01,2.33569645e-01,1.84788700e-04,1.61533023e-02,1.32241234e-02,2.77052892e-04,2.36591088e-01,1.67074081e-02,4.86406299e-01
8.50000000e-02,6.40884901e+01,2.33380729e-01,1.84788700e-04,1.63356977e-02,1.32241234e-02,2.83573669e-04,2.36591088e-01,1.69028451e-02,4.86406299e-01
8.60000000e-02,6.48424724e+01,2.33191966e-01,1.84788700e-04,1.65178664e-02,1.32241234e-02,2.90167587e-04,2.36591088e-01,1.70982015e-02,4.86406299e-01
8.70000000e-02,6.55964546e+01,2.33003357e-01,1.84788700e-04,1.66998084e-02,1.32241234e-02,2.96834555e-04,2.36591088e-01,1.72934775e-02,4.86406299e-01
8.80000000e-02,6.63504368e+01,2.32814901e-01,1.84788700e-04,1.68815242e-02,1.32241234e-02,3.03574482e-04,2.36591088e-01,1.74886731e-02,4.86406299e-01
8.90000000e-02,6.71044191e+01,2.32626599e-01,1.84788700e-04,1.70630138e-02,1.32241234e-02,3.10387274e-04,2.36591088e-01,1.76837883e-02,4.86406299e-01
9.00000000e-02,6.78584013e+01,2.32438450e-01,1.84788700e-04,1.72442774e-02,1.32241234e-02,3.17272843e-04,2.36591088e-01,1.78788231e-02,4.86406299e-01
9.10000000e-02,6.86123836e+01,2.32250453e-01,1.84788700e-04,1.74253154e-02,1.32241234e-02,3.24231095e-04,2.36591088e-01,1.80737776e-02,4.86406299e-01
9.20000000e-02,6.93663658e+01,2.32062610e-01,1.84788700e-04,1.76061279e-02,1.32241234e-02,3.31261939e-04,2.36591088e-01,1.82686518e-02,4.86406299e-01
9.30000000e-02,7.01203480e+01,2.31874920e-01,1.84788700e-04,1.77867152e-02,1.32241234e-02,3.38365285e-04,2.36591088e-01,1.84634458e-02,4.86406299e-01
9.40000000e-02,7.08743303e+01,2.31687382e-01,1.84788700e-04,1.79670774e-02,1.32241234e-02,3.45541042e-04,2.36591088e-01,1.86581595e-02,4.86406299e-01
9.50000000e-02,7.16283125e+01,2.31499996e-01,1.84788700e-04,1.81472147e-02,1.32241234e-02,3.52789118e-04,2.36591088e-01,1.88527930e-02,4.86406299e-01
9.60000000e-02,7.23822947e+01,2.31312763e-01,1.84788700e-04,1.83271274e-02,1.32241234e-02,3.60109422e-04,2.36591088e-01,1.90473463e-02,4.86406299e-01
9.70000000e-02,7.31362770e+01,2.31125682e-01,1.84788700e-04,1.85068158e-02,1.32241234e-02,3.67501864e-04,2.36591088e-01,1.92418195e-02,4.86406299e-01
9.80000000e-02,7.38902592e+01,2.30938754e-01,1.84788700e-04,1.86862799e-02,1.32241234e-02,3.74966353e-04,2.36591088e-01,1.94362126e-02,4.86406299e-01
9.90000000e-02,7.46442414e+01,2.30751977e-01,1.84788700e-04,1.88655200e-02,1.32241234e-02,3.82502799e-04,2.36591088e-01,1.96305256e-02,4.86406299e-01
1.00000000e-01,7.53982237e+01,2.30565353e-01,1.84788700e-04,1.90445364e-02,1.32241234e-02,3.90111109e-04,2.36591088e-01,1.98247586e-02,4.86406299e-01
1.01000000e-01,7.61522059e+01,2.30378880e-01,1.84788700e-04,1.92233292e-02,1.32241234e-02,3.97791196e-04,2.36591088e-01,2.00189116e-02,4.86406299e-01
1.02000000e-01,7.69061882e+01,2.30192558e-01,1.84788700e-04,1.94018986e-02,1.32241234e-02,4.05542967e-04,2.36591088e-01,2.02129846e-02,4.86406299e-01
1.03000000e-01,7.76601704e+01,2.30006389e-01,1.84788700e-04,1.95802450e-02,1.32241234e-02,4.13366332e-04,2.36591088e-01,2.04069776e-02,4.86406299e-01
1.04000000e-01,7.84141526e+01,2.29820370e-01,1.84788700e-04,1.97583684e-02,1.32241234e-02,4.21261202e-04,2.36591088e-01,2.06008908e-02,4.86406299e-01
1.05000000e-01,7.91681349e+01,2.29634503e-01,1.84788700e-04,1.99362691e-02,1.32241234e-02,4.29227486e-04,2.36591088e-01,2.07947241e-02,4.86406299e-01
1.06000000e-01,7.99221171e+01,2.29448788e-01,1.84788700e-04,2.01139473e-02,1.32241234e-02,4.37265094e-04,2.36591088e-01,2.09884775e-02,4.86406299e-01
1.07000000e-01,8.06760993e+01,2.29263223e-01,1.84788700e-04,2.02914032e-02,1.32241234e-02,4.45373936e-04,2.36591088e-01,2.11821511e-02,4.86406299e-01
1.08000000e-01,8.14300816e+01,2.29077809e-01,1.84788700e-04,2.04686371e-02,1.32241234e-02,4.53553922e-04,2.36591088e-01,2.13757449e-02,4.86406299e-01
1.09000000e-01,8.21840638e+01,2.28892546e-01,1.84788700e-04,2.06456491e-02,1.32241234e-02,4.61804962e-04,2.36591088e-01,2.15692590e-02,4.86406299e-01
1.10000000e-01,8.29380461e+01,2.28707434e-01,1.84788700e-04,2.08224395e-02,1.32241234e-02,4.70126968e-04,2.36591088e-01,2.17626934e-02,4.86406299e-01
1.11000000e-01,8.36920283e+01,2.28522472e-01,1.84788700e-04,2.09990084e-02,1.32241234e-02,4.78519848e-04,2.36591088e-01,2.19560481e-02,4.86406299e-01
1.12000000e-01,8.44460105e+01,2.28337660e-01,1.84788700e-04,2.11753561e-02,1.32241234e-02,4.86983514e-04,2.36591088e-01,2.21493231e-02,4.86406299e-01
1.13000000e-01,8.51999928e+01,2.28152999e-01,1.84788700e-04,2.13514828e-02,1.32241234e-02,4.95517875e-04,2.36591088e-01,2.23425186e-02,4.86406299e-01
1.14000000e-01,8.59539750e+01,2.27968488e-01,1.84788700e-04,2.15273887e-02,1.32241234e-02,5.04122844e-04,2.36591088e-01,2.25356344e-02,4.86406299e-01
1.15000000e-01,8.67079572e+01,2.27784128e-01,1.84788700e-04,2.17030740e-02,1.32241234e-02,5.12798329e-04,2.36591088e-01,2.27286707e-02,4.86406299e-01
1.16000000e-01,8.74619395e+01,2.27599917e-01,1.84788700e-04,2.18785389e-02,1.32241234e-02,5.21544243e-04,2.36591088e-01,2.29216274e-02,4.86406299e-01
1.17000000e-01,8.82159217e+01,2.27415856e-01,1.84788700e-04,2.20537837e-02,1.32241234e-02,5.30360496e-04,2.36591088e-01,2.31145047e-02,4.86406299e-01
1.18000000e-01,8.89699039e+01,2.27231945e-01,1.84788700e-04,2.22288085e-02,1.32241234e-02,5.39246999e-04,2.36591088e-01,2.33073025e-02,4.86406299e-01
1.19000000e-01,8.97238862e+01,2.27048183e-01,1.84788700e-04,2.24036135e-02,1.32241234e-02,5.48203662e-04,2.36591088e-01,2.35000208e-02,4.86406299e-01
1.20000000e-01,9.04778684e+01,2.26864571e-01,1.84788700e-04,2.25781990e-02,1.32241234e-02,5.57230398e-04,2.36591088e-01,2.36926598e-02,4.86406299e-01
1.21000000e-01,9.12318507e+01,2.26681108e-01,1.84788700e-04,2.27525652e-02,1.32241234e-02,5.66327117e-04,2.36591088e-01,2.38852194e-02,4.86406299e-01
1.22000000e-01,9.19858329e+01,2.26497794e-01,1.84788700e-04,2.29267123e-02,1.32241234e-02,5.75493731e-04,2.36591088e-01,2.40776997e-02,4.86406299e-01
1.23000000e-01,9.27398151e+01,2.26314629e-01,1.84788700e-04,2.31006404e-02,1.32241234e-02,5.84730150e-04,2.36591088e-01,2.42701007e-02,4.86406299e-01
1.24000000e-01,9.34937974e+01,2.26131614e-01,1.84788700e-04,2.32743498e-02,1.32241234e-02,5.94036287e-04,2.36591088e-01,2.44624224e-02,4.86406299e-01
1.25000000e-01,9.42477796e+01,2.25948747e-01,1.84788700e-04,2.34478408e-02,1.32241234e-02,6.03412053e-04,2.36591088e-01,2.46546649e-02,4.86406299e-01
1.26000000e-01,9.50017618e+01,2.25766029e-01,1.84788700e-04,2.36211135e-02,1.32241234e-02,6.12857360e-04,2.36591088e-01,2.48468282e-02,4.86406299e-01
1.27000000e-01,9.57557441e+01,2.25583460e-01,1.84788700e-04,2.37941680e-02,1.32241234e-02,6.22372119e-04,2.36591088e-01,2.50389123e-02,4.86406299e-01
1.28000000e-01,9.65097263e+01,2.25401039e-01,1.84788700e-04,2.39670048e-02,1.32241234e-02,6.31956242e-04,2.36591088e-01,2.52309173e-02,4.86406299e-01
1.29000000e-01,9.72637086e+01,2.25218767e-01,1.84788700e-04,2.41396238e-02,1.32241234e-02,6.41609640e-04,2.36591088e-01,2.54228431e-02,4.86406299e-01
1.30000000e-01,9.80176908e+01,2.25036642e-01,1.84788700e-04,2.43120254e-02,1.32241234e-02,6.51332227e-04,2.36591088e-01,2.56146899e-02,4.86406299e-01
1.31000000e-01,9.87716730e+01,2.24854666e-01,1.84788700e-04,2.44842098e-02,1.32241234e-02,6.61123913e-04,2.36591088e-01,2.58064576e-02,4.86406299e-01
1.32000000e-01,9.95256553e+01,2.24672838e-01,1.84788700e-04,2.46561771e-02,1.32241234e-02,6.70984612e-04,2.36591088e-01,2.59981464e-02,4.86406299e-01
1.33000000e-01,1.00279638e+02,2.24491158e-01,1.84788700e-04,2.48279276e-02,1.32241234e-02,6.80914235e-04,2.36591088e-01,2.61897561e-02,4.86406299e-01
1.34000000e-01,1.01033620e+02,2.24309626e-01,1.84788700e-04,2.49994615e-02,1.32241234e-02,6.90912694e-04,2.36591088e-01,2.63812869e-02,4.86406299e-01
1.35000000e-01,1.01787602e+02,2.24128241e-01,1.84788700e-04,2.51707790e-02,1.32241234e-02,7.00979903e-04,2.36591088e-01,2.65727388e-02,4.86406299e-01
1.36000000e-01,1.02541584e+02,2.23947004e-01,1.84788700e-04,2.53418803e-02,1.32241234e-02,7.11115772e-04,2.36591088e-01,2.67641118e-02,4.86406299e-01
1.37000000e-01,1.03295566e+02,2.23765914e-01,1.84788700e-04,2.55127655e-02,1.32241234e-02,7.21320216e-04,2.36591088e-01,2.69554060e-02,4.86406299e-01
1.38000000e-01,1.04049549e+02,2.23584972e-01,1.84788700e-04,2.56834350e-02,1.32241234e-02,7.31593146e-04,2.36591088e-01,2.71466213e-02,4.86406299e-01
1.39000000e-01,1.04803531e+02,2.23404177e-01,1.84788700e-04,2.58538889e-02,1.32241234e-02,7.41934475e-04,2.36591088e-01,2.73377578e-02,4.86406299e-01
1.40000000e-01,1.05557513e+02,2.23223529e-01,1.84788700e-04,2.60241274e-02,1.32241234e-02,7.52344116e-04,2.36591088e-01,2.75288156e-02,4.86406299e-01
1.41000000e-01,1.06311495e+02,2.23043027e-01,1.84788700e-04,2.61941507e-02,1.32241234e-02,7.62821982e-04,2.36591088e-01,2.77197947e-02,4.86406299e-01
1.42000000e-01,1.07065478e+02,2.22862673e-01,1.84788700e-04,2.63639590e-02,1.32241234e-02,7.73367986e-04,2.36591088e-01,2.79106950e-02,4.86406299e-01
1.43000000e-01,1.07819460e+02,2.22682465e-01,1.84788700e-04,2.65335526e-02,1.32241234e-02,7.83982041e-04,2.36591088e-01,2.81015167e-02,4.86406299e-01
1.44000000e-01,1.08573442e+02,2.22502404e-01,1.84788700e-04,2.67029317e-02,1.32241234e-02,7.94664060e-04,2.36591088e-01,2.82922598e-02,4.86406299e-01
1.45000000e-01,1.09327424e+02,2.22322490e-01,1.84788700e-04,2.68720964e-02,1.32241234e-02,8.05413955e-04,2.36591088e-01,2.84829243e-02,4.86406299e-01
1.46000000e-01,1.10081407e+02,2.22142721e-01,1.84788700e-04,2.70410469e-02,1.32241234e-02,8.16231642e-04,2.36591088e-01,2.86735102e-02,4.86406299e-01
1.47000000e-01,1.10835389e+02,2.21963099e-01,1.84788700e-04,2.72097835e-02,1.32241234e-02,8.27117032e-04,2.36591088e-01,2.88640175e-02,4.86406299e-01
1.48000000e-01,1.11589371e+02,2.21783624e-01,1.84788700e-04,2.73783063e-02,1.32241234e-02,8.38070039e-04,2.36591088e-01,2.90544464e-02,4.86406299e-01
1.49000000e-01,1.12343353e+02,2.21604294e-01,1.84788700e-04,2.75466157e-02,1.32241234e-02,8.49090577e-04,2.36591088e-01,2.92447968e-02,4.86406299e-01
1.50000000e-01,1.13097336e+02,2.21425110e-01,1.84788700e-04,2.77147117e-02,1.32241234e-02,8.60178559e-04,2.36591088e-01,2.94350688e-02,4.86406299e-01
1.51000000e-01,1.13851318e+02,2.21246072e-01,1.84788700e-04,2.78825945e-02,1.32241234e-02,8.71333899e-04,2.36591088e-01,2.96252623e-02,4.86406299e-01
1.52000000e-01,1.14605300e+02,2.21067179e-01,1.84788700e-04,2.80502645e-02,1.32241234e-02,8.82556511e-04,2.36591088e-01,2.98153775e-02,4.86406299e-01
1.53000000e-01,1.15359282e+02,2.20888432e-01,1.84788700e-04,2.82177217e-02,1.32241234e-02,8.93846309e-04,2.36591088e-01,3.00054143e-02,4.86406299e-01
1.54000000e-01,1.16113264e+02,2.20709830e-01,1.84788700e-04,2.83849664e-02,1.32241234e-02,9.05203206e-04,2.36591088e-01,3.01953728e-02,4.86406299e-01
1.55000000e-01,1.16867247e+02,2.20531374e-01,1.84788700e-04,2.85519988e-02,1.32241234e-02,9.16627117e-04,2.36591088e-01,3.03852531e-02,4.86406299e-01
1.56000000e-01,1.17621229e+02,2.20353063e-01,1.84788700e-04,2.87188191e-02,1.32241234e-02,9.28117955e-04,2.36591088e-01,3.05750551e-02,4.86406299e-01
1.57000000e-01,1.18375211e+02,2.20174897e-01,1.84788700e-04,2.88854275e-02,1.32241234e-02,9.39675635e-04,2.36591088e-01,3.07647788e-02,4.86406299e-01
1.58000000e-01,1.19129193e+02,2.19996876e-01,1.84788700e-04,2.90518243e-02,1.32241234e-02,9.51300072e-04,2.36591088e-01,3.09544244e-02,4.86406299e-01
1.59000000e-01,1.19883176e+02,2.19818999e-01,1.84788700e-04,2.92180095e-02,1.32241234e-02,9.62991179e-04,2.36591088e-01,3.11439918e-02,4.86406299e-01
1.60000000e-01,1.20637158e+02,2.19641268e-01,1.84788700e-04,2.93839834e-02,1.32241234e-02,9.74748870e-04,2.36591088e-01,3.13334811e-02,4.86406299e-01
1.61000000e-01,1.21391140e+02,2.19463681e-01,1.84788700e-04,2.95497462e-02,1.32241234e-02,9.86573061e-04,2.36591088e-01,3.15228923e-02,4.86406299e-01
1.62000000e-01,1.22145122e+02,2.19286238e-01,1.84788700e-04,2.97152981e-02,1.32241234e-02,9.98463666e-04,2.36591088e-01,3.17122255e-02,4.86406299e-01
1.63000000e-01,1.22899105e+02,2.19108940e-01,1.84788700e-04,2.98806394e-02,1.32241234e-02,1.01042060e-03,2.36591088e-01,3.19014806e-02,4.86406299e-01
1.64000000e-01,1.23653087e+02,2.18931786e-01,1.84788700e-04,3.00457702e-02,1.32241234e-02,1.02244378e-03,2.36591088e-01,3.20906577e-02,4.86406299e-01
1.65000000e-01,1.24407069e+02,2.18754776e-01,1.84788700e-04,3.02106906e-02,1.32241234e-02,1.03453311e-03,2.36591088e-01,3.22797569e-02,4.86406299e-01
1.66000000e-01,1.25161051e+02,2.18577910e-01,1.84788700e-04,3.03754010e-02,1.32241234e-02,1.04668852e-03,2.36591088e-01,3.24687781e-02,4.86406299e-01
1.67000000e-01,1.25915034e+02,2.18401189e-01,1.84788700e-04,3.05399016e-02,1.32241234e-02,1.05890991e-03,2.36591088e-01,3.26577214e-02,4.86406299e-01
1.68000000e-01,1.26669016e+02,2.18224610e-01,1.84788700e-04,3.07041924e-02,1.32241234e-02,1.07119721e-03,2.36591088e-01,3.28465868e-02,4.86406299e-01
1.69000000e-01,1.27422998e+02,2.18048176e-01,1.84788700e-04,3.08682738e-02,1.32241234e-02,1.08355033e-03,2.36591088e-01,3.30353744e-02,4.86406299e-01
1.70000000e-01,1.28176980e+02,2.17871885e-01,1.84788700e-04,3.10321459e-02,1.32241234e-02,1.09596918e-03,2.36591088e-01,3.32240842e-02,4.86406299e-01
1.71000000e-01,1.28930963e+02,2.17695737e-01,1.84788700e-04,3.11958089e-02,1.32241234e-02,1.10845368e-03,2.36591088e-01,3.34127163e-02,4.86406299e-01
1.72000000e-01,1.29684945e+02,2.17519733e-01,1.84788700e-04,3.13592630e-02,1.32241234e-02,1.12100374e-03,2.36591088e-01,3.36012705e-02,4.86406299e-01
1.73000000e-01,1.30438927e+02,2.17343872e-01,1.84788700e-04,3.15225085e-02,1.32241234e-02,1.13361929e-03,2.36591088e-01,3.37897471e-02,4.86406299e-01
1.74000000e-01,1.31192909e+02,2.17168154e-01,1.84788700e-04,3.16855455e-02,1.32241234e-02,1.14630023e-03,2.36591088e-01,3.39781460e-02,4.86406299e-01
1.75000000e-01,1.31946891e+02,2.16992579e-01,1.84788700e-04,3.18483742e-02,1.32241234e-02,1.15904648e-03,2.36591088e-01,3.41664672e-02,4.86406299e-01
1.76000000e-01,1.32700874e+02,2.16817147e-01,1.84788700e-04,3.20109949e-02,1.32241234e-02,1.17185795e-03,2.36591088e-01,3.43547108e-02,4.86406299e-01
1.77000000e-01,1.33454856e+02,2.16641858e-01,1.84788700e-04,3.21734077e-02,1.32241234e-02,1.18473457e-03,2.36591088e-01,3.45428768e-02,4.86406299e-01
1.78000000e-01,1.34208838e+02,2.16466711e-01,1.84788700e-04,3.23356128e-02,1.32241234e-02,1.19767625e-03,2.36591088e-01,3.47309652e-02,4.86406299e-01
1.79000000e-01,1.34962820e+02,2.16291707e-01,1.84788700e-04,3.24976104e-02,1.32241234e-02,1.21068290e-03,2.36591088e-01,3.49189762e-02,4.86406299e-01
1.80000000e-01,1.35716803e+02,2.16116845e-01,1.84788700e-04,3.26594007e-02,1.32241234e-02,1.22375444e-03,2.36591088e-01,3.51069096e-02,4.86406299e-01
1.81000000e-01,1.36470785e+02,2.15942125e-01,1.84788700e-04,3.28209840e-02,1.32241234e-02,1.23689078e-03,2.36591088e-01,3.52947656e-02,4.86406299e-01
1.82000000e-01,1.37224767e+02,2.15767548e-01,1.84788700e-04,3.29823604e-02,1.32241234e-02,1.25009185e-03,2.36591088e-01,3.54825441e-02,4.86406299e-01
1.83000000e-01,1.37978749e+02,2.15593112e-01,1.84788700e-04,3.31435301e-02,1.32241234e-02,1.26335756e-03,2.36591088e-01,3.56702452e-02,4.86406299e-01
1.84000000e-01,1.38732732e+02,2.15418819e-01,1.84788700e-04,3.33044934e-02,1.32241234e-02,1.27668782e-03,2.36591088e-01,3.58578690e-02,4.86406299e-01
1.85000000e-01,1.39486714e+02,2.15244667e-01,1.84788700e-04,3.34652503e-02,1.32241234e-02,1.29008255e-03,2.36591088e-01,3.60454154e-02,4.86406299e-01
1.86000000e-01,1.40240696e+02,2.15070657e-01,1.84788700e-04,3.36258012e-02,1.32241234e-02,1.30354168e-03,2.36591088e-01,3.62328845e-02,4.86406299e-01
1.87000000e-01,1.40994678e+02,2.14896789e-01,1.84788700e-04,3.37861462e-02,1.32241234e-02,1.31706510e-03,2.36591088e-01,3.64202764e-02,4.86406299e-01
1.88000000e-01,1.41748661e+02,2.14723062e-01,1.84788700e-04,3.39462855e-02,1.32241234e-02,1.33065275e-03,2.36591088e-01,3.66075910e-02,4.86406299e-01
1.89000000e-01,1.42502643e+02,2.14549476e-01,1.84788700e-04,3.41062193e-02,1.32241234e-02,1.34430453e-03,2.36591088e-01,3.67948284e-02,4.86406299e-01
1.90000000e-01,1.43256625e+02,2.14376032e-01,1.84788700e-04,3.42659478e-02,1.32241234e-02,1.35802037e-03,2.36591088e-01,3.69819886e-02,4.86406299e-01
1.91000000e-01,1.44010607e+02,2.14202729e-01,1.84788700e-04,3.44254712e-02,1.32241234e-02,1.37180019e-03,2.36591088e-01,3.71690716e-02,4.86406299e-01
1.92000000e-01,1.44764589e+02,2.14029566e-01,1.84788700e-04,3.45847898e-02,1.32241234e-02,1.38564389e-03,2.36591088e-01,3.73560775e-02,4.86406299e-01
1.93000000e-01,1.45518572e+02,2.13856545e-01,1.84788700e-04,3.47439036e-02,1.32241234e-02,1.39955139e-03,2.36591088e-01,3.75430064e-02,4.86406299e-01
1.94000000e-01,1.46272554e+02,2.13683664e-01,1.84788700e-04,3.49028129e-02,1.32241234e-02,1.41352262e-03,2.36591088e-01,3.77298582e-02,4.86406299e-01
1.95000000e-01,1.47026536e+02,2.13510925e-01,1.84788700e-04,3.50615179e-02,1.32241234e-02,1.42755749e-03,2.36591088e-01,3.79166329e-02,4.86406299e-01
1.96000000e-01,1.47780518e+02,2.13338325e-01,1.84788700e-04,3.52200188e-02,1.32241234e-02,1.44165591e-03,2.36591088e-01,3.81033307e-02,4.86406299e-01
1.97000000e-01,1.48534501e+02,2.13165866e-01,1.84788700e-04,3.53783158e-02,1.32241234e-02,1.45581782e-03,2.36591088e-01,3.82899514e-02,4.86406299e-01
1.98000000e-01,1.49288483e+02,2.12993548e-01,1.84788700e-04,3.55364091e-02,1.32241234e-02,1.47004311e-03,2.36591088e-01,3.84764953e-02,4.86406299e-01
1.99000000e-01,1.50042465e+02,2.12821369e-01,1.84788700e-04,3.56942988e-02,1.32241234e-02,1.48433171e-03,2.36591088e-01,3.86629623e-02,4.86406299e-01
2.00000000e-01,1.50796447e+02,2.12649331e-01,1.84788700e-04,3.58519853e-02,1.32241234e-02,1.49868354e-03,2.36591088e-01,3.88493523e-02,4.86406299e-01
