x__temp_C=70, length_m=0.06, C_cat…,y__temp_C=70, length_m=0.06, C_cat…,x__temp_C=70, length_m=0.2, C_cat_…,y__temp_C=70, length_m=0.2, C_cat_…,x__temp_C=100, length_m=0.06, C_ca…,y__temp_C=100, length_m=0.06, C_ca…,x__temp_C=100, length_m=0.2, C_cat…,y__temp_C=100, length_m=0.2, C_cat…,x__temp_C=130, length_m=0.06, C_ca…,y__temp_C=130, length_m=0.06, C_ca…,x__temp_C=130, length_m=0.2, C_cat…,y__temp_C=130, length_m=0.2, C_cat…
0.00000000e+00,0.00000000e+00,0.00000000e+00,0.00000000e+00,0.00000000e+00,0.00000000e+00,0.00000000e+00,0.00000000e+00,0.00000000e+00,0.00000000e+00,0.00000000e+00,0.00000000e+00
3.00000000e-04,1.68746140e-04,1.00000000e-03,5.61822360e-04,3.00000000e-04,7.93372539e-04,1.00000000e-03,2.62960563e-03,3.00000000e-04,2.94728432e-03,1.00000000e-03,9.61453444e-03
6.00000000e-04,3.37321278e-04,2.00000000e-03,1.12174819e-03,6.00000000e-04,1.58288933e-03,2.00000000e-03,5.21674452e-03,6.00000000e-04,5.84029131e-03,2.00000000e-03,1.86457256e-02
9.00000000e-04,5.05725550e-04,3.00000000e-03,1.67978248e-03,9.00000000e-04,2.36856489e-03,3.00000000e-03,7.76194774e-03,9.00000000e-04,8.67979239e-03,3.00000000e-03,2.71208895e-02
1.20000000e-03,6.73959089e-04,4.00000000e-03,2.23593019e-03,1.20000000e-03,3.15041367e-03,4.00000000e-03,1.02657404e-02,1.20000000e-03,1.14665491e-02,4.00000000e-03,3.50661910e-02
1.50000000e-03,8.42022031e-04,5.00000000e-03,2.79019626e-03,1.50000000e-03,3.92845009e-03,5.00000000e-03,1.27286416e-02,1.50000000e-03,1.42013131e-02,5.00000000e-03,4.25066895e-02
1.80000000e-03,1.00991451e-03,6.00000000e-03,3.34258566e-03,1.80000000e-03,4.70268851e-03,6.00000000e-03,1.51511646e-02,1.80000000e-03,1.68848268e-02,6.00000000e-03,4.94663820e-02
2.10000000e-03,1.17763666e-03,7.00000000e-03,3.89310330e-03,2.10000000e-03,5.47314324e-03,7.00000000e-03,1.75338171e-02,2.10000000e-03,1.95178226e-02,7.00000000e-03,5.59682460e-02
2.40000000e-03,1.34518862e-03,8.00000000e-03,4.44175410e-03,2.40000000e-03,6.23982855e-03,8.00000000e-03,1.98771008e-02,2.40000000e-03,2.21010239e-02,8.00000000e-03,6.20342798e-02
2.70000000e-03,1.51257051e-03,9.00000000e-03,4.98854298e-03,2.70000000e-03,7.00275866e-03,9.00000000e-03,2.21815118e-02,2.70000000e-03,2.46351446e-02,9.00000000e-03,6.76855413e-02
3.00000000e-03,1.67978248e-03,1.00000000e-02,5.53347482e-03,3.00000000e-03,7.76194774e-03,1.00000000e-02,2.44475406e-02,3.00000000e-03,2.71208895e-02,1.00000000e-02,7.29421860e-02
3.30000000e-03,1.84682466e-03,1.10000000e-02,6.07655451e-03,3.30000000e-03,8.51740990e-03,1.10000000e-02,2.66756722e-02,3.30000000e-03,2.95589543e-02,1.10000000e-02,7.78235029e-02
3.60000000e-03,2.01369718e-03,1.20000000e-02,6.61778693e-03,3.60000000e-03,9.26915923e-03,1.20000000e-02,2.88663860e-02,3.60000000e-03,3.19500258e-02,1.20000000e-02,8.23479489e-02
3.90000000e-03,2.18040017e-03,1.30000000e-02,7.15717693e-03,3.90000000e-03,1.00172097e-02,1.30000000e-02,3.10201560e-02,3.90000000e-03,3.42947820e-02,1.30000000e-02,8.65331833e-02
4.20000000e-03,2.34693377e-03,1.40000000e-02,7.69472937e-03,4.20000000e-03,1.07615754e-02,1.40000000e-02,3.31374509e-02,4.20000000e-03,3.65938920e-02,1.40000000e-02,9.03960987e-02
4.50000000e-03,2.51329812e-03,1.50000000e-02,8.23044908e-03,4.50000000e-03,1.15022702e-02,1.50000000e-02,3.52187340e-02,4.50000000e-03,3.88480164e-02,1.50000000e-02,9.39528529e-02
4.80000000e-03,2.67949334e-03,1.60000000e-02,8.76434089e-03,4.80000000e-03,1.22393079e-02,1.60000000e-02,3.72644633e-02,4.80000000e-03,4.10578072e-02,1.60000000e-02,9.72188984e-02
5.10000000e-03,2.84551957e-03,1.70000000e-02,9.29640961e-03,5.10000000e-03,1.29727025e-02,1.70000000e-02,3.92750917e-02,5.10000000e-03,4.32239080e-02,1.70000000e-02,1.00209011e-01
5.40000000e-03,3.01137695e-03,1.80000000e-02,9.82666005e-03,5.40000000e-03,1.37024676e-02,1.80000000e-02,4.12510669e-02,5.40000000e-03,4.53469540e-02,1.80000000e-02,1.02937317e-01
5.70000000e-03,3.17706560e-03,1.90000000e-02,1.03550970e-02,5.70000000e-03,1.44286171e-02,1.90000000e-02,4.31928315e-02,5.70000000e-03,4.74275724e-02,1.90000000e-02,1.05417319e-01
6.00000000e-03,3.34258566e-03,2.00000000e-02,1.08817252e-02,6.00000000e-03,1.51511646e-02,2.00000000e-02,4.51008230e-02,6.00000000e-03,4.94663820e-02,2.00000000e-02,1.07661926e-01
6.30000000e-03,3.50793726e-03,2.10000000e-02,1.14065495e-02,6.30000000e-03,1.58701239e-02,2.10000000e-02,4.69754740e-02,6.30000000e-03,5.14639937e-02,2.10000000e-02,1.09683469e-01
6.60000000e-03,3.67312054e-03,2.20000000e-02,1.19295747e-02,6.60000000e-03,1.65855084e-02,2.20000000e-02,4.88172122e-02,6.60000000e-03,5.34210104e-02,2.20000000e-02,1.11493735e-01
6.90000000e-03,3.83813562e-03,2.30000000e-02,1.24508053e-02,6.90000000e-03,1.72973317e-02,2.30000000e-02,5.06264601e-02,6.90000000e-03,5.53380274e-02,2.30000000e-02,1.13103979e-01
7.20000000e-03,4.00298265e-03,2.40000000e-02,1.29702463e-02,7.20000000e-03,1.80056074e-02,2.40000000e-02,5.24036358e-02,7.20000000e-03,5.72156320e-02,2.40000000e-02,1.14524955e-01
7.50000000e-03,4.16766175e-03,2.50000000e-02,1.34879023e-02,7.50000000e-03,1.87103490e-02,2.50000000e-02,5.41491524e-02,7.50000000e-03,5.90544039e-02,2.50000000e-02,1.15766932e-01
7.80000000e-03,4.33217305e-03,2.60000000e-02,1.40037781e-02,7.80000000e-03,1.94115697e-02,2.60000000e-02,5.58634182e-02,7.80000000e-03,6.08549154e-02,2.60000000e-02,1.16839713e-01
8.10000000e-03,4.49651669e-03,2.70000000e-02,1.45178783e-02,8.10000000e-03,2.01092831e-02,2.70000000e-02,5.75468370e-02,8.10000000e-03,6.26177312e-02,2.70000000e-02,1.17752659e-01
8.40000000e-03,4.66069281e-03,2.80000000e-02,1.50302076e-02,8.40000000e-03,2.08035024e-02,2.80000000e-02,5.91998078e-02,8.40000000e-03,6.43434085e-02,2.80000000e-02,1.18514704e-01
8.70000000e-03,4.82470152e-03,2.90000000e-02,1.55407708e-02,8.70000000e-03,2.14942409e-02,2.90000000e-02,6.08227252e-02,8.70000000e-03,6.60324976e-02,2.90000000e-02,1.19134372e-01
9.00000000e-03,4.98854298e-03,3.00000000e-02,1.60495724e-02,9.00000000e-03,2.21815118e-02,3.00000000e-02,6.24159790e-02,9.00000000e-03,6.76855413e-02,3.00000000e-02,1.19619797e-01
9.30000000e-03,5.15221729e-03,3.10000000e-02,1.65566171e-02,9.30000000e-03,2.28653284e-02,3.10000000e-02,6.39799549e-02,9.30000000e-03,6.93030754e-02,3.10000000e-02,1.19978737e-01
9.60000000e-03,5.31572461e-03,3.20000000e-02,1.70619097e-02,9.60000000e-03,2.35457038e-02,3.20000000e-02,6.55150338e-02,9.60000000e-03,7.08856287e-02,3.20000000e-02,1.20218593e-01
9.90000000e-03,5.47906506e-03,3.30000000e-02,1.75654546e-02,9.90000000e-03,2.42226511e-02,3.30000000e-02,6.70215924e-02,9.90000000e-03,7.24337230e-02,3.30000000e-02,1.20346420e-01
1.02000000e-02,5.64223877e-03,3.40000000e-02,1.80672566e-02,1.02000000e-02,2.48961833e-02,3.40000000e-02,6.85000030e-02,1.02000000e-02,7.39478733e-02,3.40000000e-02,1.20368943e-01
1.05000000e-02,5.80524588e-03,3.50000000e-02,1.85673203e-02,1.05000000e-02,2.55663135e-02,3.50000000e-02,6.99506337e-02,1.05000000e-02,7.54285878e-02,3.50000000e-02,1.20292573e-01
1.08000000e-02,5.96808651e-03,3.60000000e-02,1.90656502e-02,1.08000000e-02,2.62330546e-02,3.60000000e-02,7.13738482e-02,1.08000000e-02,7.68763681e-02,3.60000000e-02,1.20123419e-01
1.11000000e-02,6.13076080e-03,3.70000000e-02,1.95622510e-02,1.11000000e-02,2.68964195e-02,3.70000000e-02,7.27700061e-02,1.11000000e-02,7.82917091e-02,3.70000000e-02,1.19867300e-01
1.14000000e-02,6.29326888e-03,3.80000000e-02,2.00571272e-02,1.14000000e-02,2.75564212e-02,3.80000000e-02,7.41394629e-02,1.14000000e-02,7.96750993e-02,3.80000000e-02,1.19529756e-01
1.17000000e-02,6.45561088e-03,3.90000000e-02,2.05502834e-02,1.17000000e-02,2.82130724e-02,3.90000000e-02,7.54825698e-02,1.17000000e-02,8.10270207e-02,3.90000000e-02,1.19116066e-01
1.20000000e-02,6.61778693e-03,4.00000000e-02,2.10417242e-02,1.20000000e-02,2.88663860e-02,4.00000000e-02,7.67996740e-02,1.20000000e-02,8.23479489e-02,4.00000000e-02,1.18631253e-01
1.23000000e-02,6.77979716e-03,4.10000000e-02,2.15314540e-02,1.23000000e-02,2.95163747e-02,4.10000000e-02,7.80911189e-02,1.23000000e-02,8.36383533e-02,4.10000000e-02,1.18080096e-01
1.26000000e-02,6.94164171e-03,4.20000000e-02,2.20194776e-02,1.26000000e-02,3.01630511e-02,4.20000000e-02,7.93572436e-02,1.26000000e-02,8.48986970e-02,4.20000000e-02,1.17467144e-01
1.29000000e-02,7.10332070e-03,4.30000000e-02,2.25057992e-02,1.29000000e-02,3.08064281e-02,4.30000000e-02,8.05983835e-02,1.29000000e-02,8.61294370e-02,4.30000000e-02,1.16796723e-01
1.32000000e-02,7.26483427e-03,4.40000000e-02,2.29904236e-02,1.32000000e-02,3.14465181e-02,4.40000000e-02,8.18148699e-02,1.32000000e-02,8.73310244e-02,4.40000000e-02,1.16072945e-01
1.35000000e-02,7.42618254e-03,4.50000000e-02,2.34733552e-02,1.35000000e-02,3.20833337e-02,4.50000000e-02,8.30070305e-02,1.35000000e-02,8.85039041e-02,4.50000000e-02,1.15299721e-01
1.38000000e-02,7.58736566e-03,4.60000000e-02,2.39545985e-02,1.38000000e-02,3.27168876e-02,4.60000000e-02,8.41751888e-02,1.38000000e-02,8.96485152e-02,4.60000000e-02,1.14480766e-01
1.41000000e-02,7.74838373e-03,4.70000000e-02,2.44341579e-02,1.41000000e-02,3.33471921e-02,4.70000000e-02,8.53196650e-02,1.41000000e-02,9.07652910e-02,4.70000000e-02,1.13619608e-01
1.44000000e-02,7.90923691e-03,4.80000000e-02,2.49120380e-02,1.44000000e-02,3.39742598e-02,4.80000000e-02,8.64407752e-02,1.44000000e-02,9.18546589e-02,4.80000000e-02,1.12719600e-01
1.47000000e-02,8.06992532e-03,4.90000000e-02,2.53882432e-02,1.47000000e-02,3.45981029e-02,4.90000000e-02,8.75388321e-02,1.47000000e-02,9.29170408e-02,4.90000000e-02,1.11783922e-01
1.50000000e-02,8.23044908e-03,5.00000000e-02,2.58627779e-02,1.50000000e-02,3.52187340e-02,5.00000000e-02,8.86141445e-02,1.50000000e-02,9.39528529e-02,5.00000000e-02,1.10815594e-01
1.53000000e-02,8.39080833e-03,5.10000000e-02,2.63356466e-02,1.53000000e-02,3.58361652e-02,5.10000000e-02,8.96670177e-02,1.53000000e-02,9.49625059e-02,5.10000000e-02,1.09817479e-01
1.56000000e-02,8.55100321e-03,5.20000000e-02,2.68068538e-02,1.56000000e-02,3.64504089e-02,5.20000000e-02,9.06977534e-02,1.56000000e-02,9.59464048e-02,5.20000000e-02,1.08792292e-01
1.59000000e-02,8.71103383e-03,5.30000000e-02,2.72764038e-02,1.59000000e-02,3.70614773e-02,5.30000000e-02,9.17066499e-02,1.59000000e-02,9.69049495e-02,5.30000000e-02,1.07742606e-01
1.62000000e-02,8.87090033e-03,5.40000000e-02,2.77443011e-02,1.62000000e-02,3.76693826e-02,5.40000000e-02,9.26940018e-02,1.62000000e-02,9.78385343e-02,5.40000000e-02,1.06670860e-01
1.65000000e-02,9.03060284e-03,5.50000000e-02,2.82105500e-02,1.65000000e-02,3.82741370e-02,5.50000000e-02,9.36601003e-02,1.65000000e-02,9.87475485e-02,5.50000000e-02,1.05579362e-01
1.68000000e-02,9.19014149e-03,5.60000000e-02,2.86751550e-02,1.68000000e-02,3.88757525e-02,5.60000000e-02,9.46052334e-02,1.68000000e-02,9.96323758e-02,5.60000000e-02,1.04470296e-01
1.71000000e-02,9.34951640e-03,5.70000000e-02,2.91381203e-02,1.71000000e-02,3.94742413e-02,5.70000000e-02,9.55296855e-02,1.71000000e-02,1.00493395e-01,5.70000000e-02,1.03345730e-01
1.74000000e-02,9.50872772e-03,5.80000000e-02,2.95994505e-02,1.74000000e-02,4.00696153e-02,5.80000000e-02,9.64337377e-02,1.74000000e-02,1.01330980e-01,5.80000000e-02,1.02207619e-01
1.77000000e-02,9.66777556e-03,5.90000000e-02,3.00591498e-02,1.77000000e-02,4.06618865e-02,5.90000000e-02,9.73176677e-02,1.77000000e-02,1.02145499e-01,5.90000000e-02,1.01057809e-01
1.80000000e-02,9.82666005e-03,6.00000000e-02,3.05172226e-02,1.80000000e-02,4.12510669e-02,6.00000000e-02,9.81817501e-02,1.80000000e-02,1.02937317e-01,6.00000000e-02,9.98980439e-02
1.83000000e-02,9.98538134e-03,6.10000000e-02,3.09736733e-02,1.83000000e-02,4.18371684e-02,6.10000000e-02,9.90262562e-02,1.83000000e-02,1.03706791e-01,6.10000000e-02,9.87299708e-02
1.86000000e-02,1.01439395e-02,6.20000000e-02,3.14285061e-02,1.86000000e-02,4.24202028e-02,6.20000000e-02,9.98514541e-02,1.86000000e-02,1.04454276e-01,6.20000000e-02,9.75551425e-02
1.89000000e-02,1.03023348e-02,6.30000000e-02,3.18817253e-02,1.89000000e-02,4.30001820e-02,6.30000000e-02,1.00657609e-01,1.89000000e-02,1.05180120e-01,6.30000000e-02,9.63750231e-02
1.92000000e-02,1.04605672e-02,6.40000000e-02,3.23333354e-02,1.92000000e-02,4.35771177e-02,6.40000000e-02,1.01444982e-01,1.92000000e-02,1.05884670e-01,6.40000000e-02,9.51909915e-02
1.95000000e-02,1.06186369e-02,6.50000000e-02,3.27833405e-02,1.95000000e-02,4.41510218e-02,6.50000000e-02,1.02213832e-01,1.95000000e-02,1.06568263e-01,6.50000000e-02,9.40043458e-02
1.98000000e-02,1.07765441e-02,6.60000000e-02,3.32317449e-02,1.98000000e-02,4.47219057e-02,6.60000000e-02,1.02964416e-01,1.98000000e-02,1.07231236e-01,6.60000000e-02,9.28163068e-02
2.01000000e-02,1.09342888e-02,6.70000000e-02,3.36785530e-02,2.01000000e-02,4.52897814e-02,6.70000000e-02,1.03696984e-01,2.01000000e-02,1.07873919e-01,6.70000000e-02,9.16280220e-02
2.04000000e-02,1.10918712e-02,6.80000000e-02,3.41237690e-02,2.04000000e-02,4.58546602e-02,6.80000000e-02,1.04411788e-01,2.04000000e-02,1.08496639e-01,6.80000000e-02,9.04405684e-02
2.07000000e-02,1.12492914e-02,6.90000000e-02,3.45673971e-02,2.07000000e-02,4.64165540e-02,6.90000000e-02,1.05109074e-01,2.07000000e-02,1.09099716e-01,6.90000000e-02,8.92549566e-02
2.10000000e-02,1.14065495e-02,7.00000000e-02,3.50094416e-02,2.10000000e-02,4.69754740e-02,7.00000000e-02,1.05789085e-01,2.10000000e-02,1.09683469e-01,7.00000000e-02,8.80721334e-02
2.13000000e-02,1.15636458e-02,7.10000000e-02,3.54499068e-02,2.13000000e-02,4.75314320e-02,7.10000000e-02,1.06452062e-01,2.13000000e-02,1.10248211e-01,7.10000000e-02,8.68929851e-02
2.16000000e-02,1.17205802e-02,7.20000000e-02,3.58887967e-02,2.16000000e-02,4.80844393e-02,7.20000000e-02,1.07098244e-01,2.16000000e-02,1.10794250e-01,7.20000000e-02,8.57183403e-02
2.19000000e-02,1.18773530e-02,7.30000000e-02,3.63261158e-02,2.19000000e-02,4.86345073e-02,7.30000000e-02,1.07727865e-01,2.19000000e-02,1.11321891e-01,7.30000000e-02,8.45489730e-02
2.22000000e-02,1.20339642e-02,7.40000000e-02,3.67618681e-02,2.22000000e-02,4.91816475e-02,7.40000000e-02,1.08341158e-01,2.22000000e-02,1.11831434e-01,7.40000000e-02,8.33856048e-02
2.25000000e-02,1.21904140e-02,7.50000000e-02,3.71960578e-02,2.25000000e-02,4.97258712e-02,7.50000000e-02,1.08938352e-01,2.25000000e-02,1.12323176e-01,7.50000000e-02,8.22289077e-02
2.28000000e-02,1.23467025e-02,7.60000000e-02,3.76286892e-02,2.28000000e-02,5.02671896e-02,7.60000000e-02,1.09519674e-01,2.28000000e-02,1.12797408e-01,7.60000000e-02,8.10795064e-02
2.31000000e-02,1.25028299e-02,7.70000000e-02,3.80597664e-02,2.31000000e-02,5.08056141e-02,7.70000000e-02,1.10085349e-01,2.31000000e-02,1.13254420e-01,7.70000000e-02,7.99379811e-02
2.34000000e-02,1.26587962e-02,7.80000000e-02,3.84892936e-02,2.34000000e-02,5.13411558e-02,7.80000000e-02,1.10635597e-01,2.34000000e-02,1.13694496e-01,7.80000000e-02,7.88048689e-02
2.37000000e-02,1.28146017e-02,7.90000000e-02,3.89172749e-02,2.37000000e-02,5.18738260e-02,7.90000000e-02,1.11170637e-01,2.37000000e-02,1.14117915e-01,7.90000000e-02,7.76806666e-02
2.40000000e-02,1.29702463e-02,8.00000000e-02,3.93437145e-02,2.40000000e-02,5.24036358e-02,8.00000000e-02,1.11690686e-01,2.40000000e-02,1.14524955e-01,8.00000000e-02,7.65658328e-02
2.43000000e-02,1.31257303e-02,8.10000000e-02,3.97686165e-02,2.43000000e-02,5.29305963e-02,8.10000000e-02,1.12195957e-01,2.43000000e-02,1.14915888e-01,8.10000000e-02,7.54607890e-02
2.46000000e-02,1.32810538e-02,8.20000000e-02,4.01919850e-02,2.46000000e-02,5.34547186e-02,8.20000000e-02,1.12686661e-01,2.46000000e-02,1.15290983e-01,8.20000000e-02,7.43659226e-02
2.49000000e-02,1.34362169e-02,8.30000000e-02,4.06138241e-02,2.49000000e-02,5.39760137e-02,8.30000000e-02,1.13163007e-01,2.49000000e-02,1.15650506e-01,8.30000000e-02,7.32815877e-02
2.52000000e-02,1.35912198e-02,8.40000000e-02,4.10341380e-02,2.52000000e-02,5.44944926e-02,8.40000000e-02,1.13625200e-01,2.52000000e-02,1.15994718e-01,8.40000000e-02,7.22081076e-02
2.55000000e-02,1.37460625e-02,8.50000000e-02,4.14529308e-02,2.55000000e-02,5.50101663e-02,8.50000000e-02,1.14073444e-01,2.55000000e-02,1.16323877e-01,8.50000000e-02,7.11457757e-02
2.58000000e-02,1.39007451e-02,8.60000000e-02,4.18702064e-02,2.58000000e-02,5.55230457e-02,8.60000000e-02,1.14507941e-01,2.58000000e-02,1.16638237e-01,8.60000000e-02,7.00948575e-02
2.61000000e-02,1.40552679e-02,8.70000000e-02,4.22859691e-02,2.61000000e-02,5.60331416e-02,8.70000000e-02,1.14928887e-01,2.61000000e-02,1.16938050e-01,8.70000000e-02,6.90555921e-02
2.64000000e-02,1.42096310e-02,8.80000000e-02,4.27002228e-02,2.64000000e-02,5.65404649e-02,8.80000000e-02,1.15336481e-01,2.64000000e-02,1.17223562e-01,8.80000000e-02,6.80281934e-02
2.67000000e-02,1.43638344e-02,8.90000000e-02,4.31129716e-02,2.67000000e-02,5.70450264e-02,8.90000000e-02,1.15730914e-01,2.67000000e-02,1.17495019e-01,8.90000000e-02,6.70128514e-02
2.70000000e-02,1.45178783e-02,9.00000000e-02,4.35242196e-02,2.70000000e-02,5.75468370e-02,9.00000000e-02,1.16112380e-01,2.70000000e-02,1.17752659e-01,9.00000000e-02,6.60097339e-02
2.73000000e-02,1.46717628e-02,9.10000000e-02,4.39339708e-02,2.73000000e-02,5.80459072e-02,9.10000000e-02,1.16481067e-01,2.73000000e-02,1.17996722e-01,9.10000000e-02,6.50189871e-02
2.76000000e-02,1.48254881e-02,9.20000000e-02,4.43422292e-02,2.76000000e-02,5.85422479e-02,9.20000000e-02,1.16837162e-01,2.76000000e-02,1.18227440e-01,9.20000000e-02,6.40407374e-02
2.79000000e-02,1.49790542e-02,9.30000000e-02,4.47489989e-02,2.79000000e-02,5.90358696e-02,9.30000000e-02,1.17180850e-01,2.79000000e-02,1.18445044e-01,9.30000000e-02,6.30750923e-02
2.82000000e-02,1.51324614e-02,9.40000000e-02,4.51542838e-02,2.82000000e-02,5.95267830e-02,9.40000000e-02,1.17512313e-01,2.82000000e-02,1.18649762e-01,9.40000000e-02,6.21221410e-02
2.85000000e-02,1.52857097e-02,9.50000000e-02,4.55580879e-02,2.85000000e-02,6.00149987e-02,9.50000000e-02,1.17831730e-01,2.85000000e-02,1.18841818e-01,9.50000000e-02,6.11819563e-02
2.88000000e-02,1.54387992e-02,9.60000000e-02,4.59604153e-02,2.88000000e-02,6.05005272e-02,9.60000000e-02,1.18139281e-01,2.88000000e-02,1.19021432e-01,9.60000000e-02,6.02545949e-02
2.91000000e-02,1.55917301e-02,9.70000000e-02,4.63612699e-02,2.91000000e-02,6.09833790e-02,9.70000000e-02,1.18435140e-01,2.91000000e-02,1.19188824e-01,9.70000000e-02,5.93400984e-02
2.94000000e-02,1.57445025e-02,9.80000000e-02,4.67606556e-02,2.94000000e-02,6.14635646e-02,9.80000000e-02,1.18719482e-01,2.94000000e-02,1.19344208e-01,9.80000000e-02,5.84384945e-02
2.97000000e-02,1.58971166e-02,9.90000000e-02,4.71585765e-02,2.97000000e-02,6.19410945e-02,9.90000000e-02,1.18992477e-01,2.97000000e-02,1.19487796e-01,9.90000000e-02,5.75497977e-02
3.00000000e-02,1.60495724e-02,1.00000000e-01,4.75550365e-02,3.00000000e-02,6.24159790e-02,1.00000000e-01,1.19254296e-01,3.00000000e-02,1.19619797e-01,1.00000000e-01,5.66740097e-02
3.03000000e-02,1.62018701e-02,1.01000000e-01,4.79500395e-02,3.03000000e-02,6.28882285e-02,1.01000000e-01,1.19505106e-01,3.03000000e-02,1.19740416e-01,1.01000000e-01,5.58111210e-02
3.06000000e-02,1.63540097e-02,1.02000000e-01,4.83435894e-02,3.06000000e-02,6.33578534e-02,1.02000000e-01,1.19745071e-01,3.06000000e-02,1.19849858e-01,1.02000000e-01,5.49611107e-02
3.09000000e-02,1.65059916e-02,1.03000000e-01,4.87356902e-02,3.09000000e-02,6.38248639e-02,1.03000000e-01,1.19974356e-01,3.09000000e-02,1.19948321e-01,1.03000000e-01,5.41239479e-02
3.12000000e-02,1.66578157e-02,1.04000000e-01,4.91263458e-02,3.12000000e-02,6.42892703e-02,1.04000000e-01,1.20193120e-01,3.12000000e-02,1.20036004e-01,1.04000000e-01,5.32995920e-02
3.15000000e-02,1.68094821e-02,1.05000000e-01,4.95155601e-02,3.15000000e-02,6.47510828e-02,1.05000000e-01,1.20401525e-01,3.15000000e-02,1.20113102e-01,1.05000000e-01,5.24879935e-02
3.18000000e-02,1.69609911e-02,1.06000000e-01,4.99033369e-02,3.18000000e-02,6.52103116e-02,1.06000000e-01,1.20599726e-01,3.18000000e-02,1.20179805e-01,1.06000000e-01,5.16890944e-02
3.21000000e-02,1.71123427e-02,1.07000000e-01,5.02896802e-02,3.21000000e-02,6.56669669e-02,1.07000000e-01,1.20787880e-01,3.21000000e-02,1.20236303e-01,1.07000000e-01,5.09028290e-02
3.24000000e-02,1.72635371e-02,1.08000000e-01,5.06745939e-02,3.24000000e-02,6.61210587e-02,1.08000000e-01,1.20966139e-01,3.24000000e-02,1.20282783e-01,1.08000000e-01,5.01291241e-02
3.27000000e-02,1.74145744e-02,1.09000000e-01,5.10580817e-02,3.27000000e-02,6.65725972e-02,1.09000000e-01,1.21134656e-01,3.27000000e-02,1.20319428e-01,1.09000000e-01,4.93679000e-02
3.30000000e-02,1.75654546e-02,1.10000000e-01,5.14401476e-02,3.30000000e-02,6.70215924e-02,1.10000000e-01,1.21293580e-01,3.30000000e-02,1.20346420e-01,1.10000000e-01,4.86190707e-02
3.33000000e-02,1.77161780e-02,1.11000000e-01,5.18207954e-02,3.33000000e-02,6.74680543e-02,1.11000000e-01,1.21443058e-01,3.33000000e-02,1.20363936e-01,1.11000000e-01,4.78825441e-02
3.36000000e-02,1.78667447e-02,1.12000000e-01,5.22000289e-02,3.36000000e-02,6.79119929e-02,1.12000000e-01,1.21583238e-01,3.36000000e-02,1.20372153e-01,1.12000000e-01,4.71582231e-02
3.39000000e-02,1.80171547e-02,1.13000000e-01,5.25778520e-02,3.39000000e-02,6.83534181e-02,1.13000000e-01,1.21714262e-01,3.39000000e-02,1.20371244e-01,1.13000000e-01,4.64460054e-02
3.42000000e-02,1.81674083e-02,1.14000000e-01,5.29542685e-02,3.42000000e-02,6.87923398e-02,1.14000000e-01,1.21836274e-01,3.42000000e-02,1.20361381e-01,1.14000000e-01,4.57457842e-02
3.45000000e-02,1.83175055e-02,1.15000000e-01,5.33292821e-02,3.45000000e-02,6.92287680e-02,1.15000000e-01,1.21949414e-01,3.45000000e-02,1.20342731e-01,1.15000000e-01,4.50574486e-02
3.48000000e-02,1.84674464e-02,1.16000000e-01,5.37028968e-02,3.48000000e-02,6.96627124e-02,1.16000000e-01,1.22053821e-01,3.48000000e-02,1.20315461e-01,1.16000000e-01,4.43808837e-02
3.51000000e-02,1.86172312e-02,1.17000000e-01,5.40751162e-02,3.51000000e-02,7.00941829e-02,1.17000000e-01,1.22149632e-01,3.51000000e-02,1.20279735e-01,1.17000000e-01,4.37159714e-02
3.54000000e-02,1.87668600e-02,1.18000000e-01,5.44459442e-02,3.54000000e-02,7.05231892e-02,1.18000000e-01,1.22236983e-01,3.54000000e-02,1.20235714e-01,1.18000000e-01,4.30625900e-02
3.57000000e-02,1.89163330e-02,1.19000000e-01,5.48153845e-02,3.57000000e-02,7.09497411e-02,1.19000000e-01,1.22316006e-01,3.57000000e-02,1.20183556e-01,1.19000000e-01,4.24206154e-02
3.60000000e-02,1.90656502e-02,1.20000000e-01,5.51834409e-02,3.60000000e-02,7.13738482e-02,1.20000000e-01,1.22386836e-01,3.60000000e-02,1.20123419e-01,1.20000000e-01,4.17899206e-02
3.63000000e-02,1.92148118e-02,1.21000000e-01,5.55501172e-02,3.63000000e-02,7.17955202e-02,1.21000000e-01,1.22449601e-01,3.63000000e-02,1.20055457e-01,1.21000000e-01,4.11703764e-02
3.66000000e-02,1.93638179e-02,1.22000000e-01,5.59154170e-02,3.66000000e-02,7.22147669e-02,1.22000000e-01,1.22504430e-01,3.66000000e-02,1.19979823e-01,1.22000000e-01,4.05618517e-02
3.69000000e-02,1.95126686e-02,1.23000000e-01,5.62793442e-02,3.69000000e-02,7.26315977e-02,1.23000000e-01,1.22551452e-01,3.69000000e-02,1.19896665e-01,1.23000000e-01,3.99642133e-02
3.72000000e-02,1.96613640e-02,1.24000000e-01,5.66419024e-02,3.72000000e-02,7.30460222e-02,1.24000000e-01,1.22590791e-01,3.72000000e-02,1.19806132e-01,1.24000000e-01,3.93773267e-02
3.75000000e-02,1.98099044e-02,1.25000000e-01,5.70030955e-02,3.75000000e-02,7.34580501e-02,1.25000000e-01,1.22622571e-01,3.75000000e-02,1.19708370e-01,1.25000000e-01,3.88010559e-02
3.78000000e-02,1.99582897e-02,1.26000000e-01,5.73629270e-02,3.78000000e-02,7.38676907e-02,1.26000000e-01,1.22646915e-01,3.78000000e-02,1.19603522e-01,1.26000000e-01,3.82352637e-02
3.81000000e-02,2.01065201e-02,1.27000000e-01,5.77214006e-02,3.81000000e-02,7.42749535e-02,1.27000000e-01,1.22663943e-01,3.81000000e-02,1.19491729e-01,1.27000000e-01,3.76798122e-02
3.84000000e-02,2.02545958e-02,1.28000000e-01,5.80785202e-02,3.84000000e-02,7.46798481e-02,1.28000000e-01,1.22673776e-01,3.84000000e-02,1.19373131e-01,1.28000000e-01,3.71345625e-02
3.87000000e-02,2.04025169e-02,1.29000000e-01,5.84342893e-02,3.87000000e-02,7.50823837e-02,1.29000000e-01,1.22676531e-01,3.87000000e-02,1.19247865e-01,1.29000000e-01,3.65993751e-02
3.90000000e-02,2.05502834e-02,1.30000000e-01,5.87887116e-02,3.90000000e-02,7.54825698e-02,1.30000000e-01,1.22672324e-01,3.90000000e-02,1.19116066e-01,1.30000000e-01,3.60741102e-02
3.93000000e-02,2.06978955e-02,1.31000000e-01,5.91417909e-02,3.93000000e-02,7.58804156e-02,1.31000000e-01,1.22661271e-01,3.93000000e-02,1.18977868e-01,1.31000000e-01,3.55586276e-02
3.96000000e-02,2.08453534e-02,1.32000000e-01,5.94935307e-02,3.96000000e-02,7.62759306e-02,1.32000000e-01,1.22643484e-01,3.96000000e-02,1.18833402e-01,1.32000000e-01,3.50527869e-02
3.99000000e-02,2.09926571e-02,1.33000000e-01,5.98439347e-02,3.99000000e-02,7.66691239e-02,1.33000000e-01,1.22619075e-01,3.99000000e-02,1.18682797e-01,1.33000000e-01,3.45564480e-02
4.02000000e-02,2.11398069e-02,1.34000000e-01,6.01930065e-02,4.02000000e-02,7.70600048e-02,1.34000000e-01,1.22588156e-01,4.02000000e-02,1.18526180e-01,1.34000000e-01,3.40694706e-02
4.05000000e-02,2.12868027e-02,1.35000000e-01,6.05407498e-02,4.05000000e-02,7.74485826e-02,1.35000000e-01,1.22550836e-01,4.05000000e-02,1.18363678e-01,1.35000000e-01,3.35917148e-02
4.08000000e-02,2.14336447e-02,1.36000000e-01,6.08871682e-02,4.08000000e-02,7.78348664e-02,1.36000000e-01,1.22507222e-01,4.08000000e-02,1.18195413e-01,1.36000000e-01,3.31230409e-02
4.11000000e-02,2.15803331e-02,1.37000000e-01,6.12322652e-02,4.11000000e-02,7.82188652e-02,1.37000000e-01,1.22457420e-01,4.11000000e-02,1.18021508e-01,1.37000000e-01,3.26633098e-02
4.14000000e-02,2.17268679e-02,1.38000000e-01,6.15760446e-02,4.14000000e-02,7.86005884e-02,1.38000000e-01,1.22401536e-01,4.14000000e-02,1.17842083e-01,1.38000000e-01,3.22123828e-02
4.17000000e-02,2.18732494e-02,1.39000000e-01,6.19185099e-02,4.17000000e-02,7.89800448e-02,1.39000000e-01,1.22339673e-01,4.17000000e-02,1.17657257e-01,1.39000000e-01,3.17701221e-02
4.20000000e-02,2.20194776e-02,1.40000000e-01,6.22596646e-02,4.20000000e-02,7.93572436e-02,1.40000000e-01,1.22271935e-01,4.20000000e-02,1.17467144e-01,1.40000000e-01,3.13363904e-02
4.23000000e-02,2.21655525e-02,1.41000000e-01,6.25995124e-02,4.23000000e-02,7.97321939e-02,1.41000000e-01,1.22198421e-01,4.23000000e-02,1.17271861e-01,1.41000000e-01,3.09110513e-02
4.26000000e-02,2.23114745e-02,1.42000000e-01,6.29380568e-02,4.26000000e-02,8.01049045e-02,1.42000000e-01,1.22119232e-01,4.26000000e-02,1.17071520e-01,1.42000000e-01,3.04939691e-02
4.29000000e-02,2.24572435e-02,1.43000000e-01,6.32753014e-02,4.29000000e-02,8.04753844e-02,1.43000000e-01,1.22034465e-01,4.29000000e-02,1.16866232e-01,1.43000000e-01,3.00850094e-02
4.32000000e-02,2.26028598e-02,1.44000000e-01,6.36112498e-02,4.32000000e-02,8.08436425e-02,1.44000000e-01,1.21944219e-01,4.32000000e-02,1.16656108e-01,1.44000000e-01,2.96840384e-02
4.35000000e-02,2.27483233e-02,1.45000000e-01,6.39459054e-02,4.35000000e-02,8.12096878e-02,1.45000000e-01,1.21848590e-01,4.35000000e-02,1.16441254e-01,1.45000000e-01,2.92909236e-02
4.38000000e-02,2.28936343e-02,1.46000000e-01,6.42792718e-02,4.38000000e-02,8.15735292e-02,1.46000000e-01,1.21747671e-01,4.38000000e-02,1.16221779e-01,1.46000000e-01,2.89055336e-02
4.41000000e-02,2.30387929e-02,1.47000000e-01,6.46113526e-02,4.41000000e-02,8.19351753e-02,1.47000000e-01,1.21641557e-01,4.41000000e-02,1.15997785e-01,1.47000000e-01,2.85277382e-02
4.44000000e-02,2.31837991e-02,1.48000000e-01,6.49421512e-02,4.44000000e-02,8.22946350e-02,1.48000000e-01,1.21530340e-01,4.44000000e-02,1.15769377e-01,1.48000000e-01,2.81574082e-02
4.47000000e-02,2.33286532e-02,1.49000000e-01,6.52716712e-02,4.47000000e-02,8.26519172e-02,1.49000000e-01,1.21414110e-01,4.47000000e-02,1.15536655e-01,1.49000000e-01,2.77944159e-02
4.50000000e-02,2.34733552e-02,1.50000000e-01,6.55999160e-02,4.50000000e-02,8.30070305e-02,1.50000000e-01,1.21292959e-01,4.50000000e-02,1.15299721e-01,1.50000000e-01,2.74386349e-02
4.53000000e-02,2.36179053e-02,1.51000000e-01,6.59268892e-02,4.53000000e-02,8.33599836e-02,1.51000000e-01,1.21166974e-01,4.53000000e-02,1.15058672e-01,1.51000000e-01,2.70899398e-02
4.56000000e-02,2.37623035e-02,1.52000000e-01,6.62525942e-02,4.56000000e-02,8.37107852e-02,1.52000000e-01,1.21036242e-01,4.56000000e-02,1.14813606e-01,1.52000000e-01,2.67482069e-02
4.59000000e-02,2.39065500e-02,1.53000000e-01,6.65770346e-02,4.59000000e-02,8.40594439e-02,1.53000000e-01,1.20900852e-01,4.59000000e-02,1.14564617e-01,1.53000000e-01,2.64133138e-02
4.62000000e-02,2.40506449e-02,1.54000000e-01,6.69002137e-02,4.62000000e-02,8.44059685e-02,1.54000000e-01,1.20760887e-01,4.62000000e-02,1.14311800e-01,1.54000000e-01,2.60851393e-02
4.65000000e-02,2.41945884e-02,1.55000000e-01,6.72221350e-02,4.65000000e-02,8.47503673e-02,1.55000000e-01,1.20616433e-01,4.65000000e-02,1.14055249e-01,1.55000000e-01,2.57635640e-02
4.68000000e-02,2.43383805e-02,1.56000000e-01,6.75428020e-02,4.68000000e-02,8.50926491e-02,1.56000000e-01,1.20467571e-01,4.68000000e-02,1.13795052e-01,1.56000000e-01,2.54484696e-02
4.71000000e-02,2.44820214e-02,1.57000000e-01,6.78622182e-02,4.71000000e-02,8.54328223e-02,1.57000000e-01,1.20314385e-01,4.71000000e-02,1.13531302e-01,1.57000000e-01,2.51397395e-02
4.74000000e-02,2.46255112e-02,1.58000000e-01,6.81803868e-02,4.74000000e-02,8.57708954e-02,1.58000000e-01,1.20156954e-01,4.74000000e-02,1.13264085e-01,1.58000000e-01,2.48372584e-02
4.77000000e-02,2.47688500e-02,1.59000000e-01,6.84973115e-02,4.77000000e-02,8.61068769e-02,1.59000000e-01,1.19995360e-01,4.77000000e-02,1.12993489e-01,1.59000000e-01,2.45409126e-02
4.80000000e-02,2.49120380e-02,1.60000000e-01,6.88129956e-02,4.80000000e-02,8.64407752e-02,1.60000000e-01,1.19829680e-01,4.80000000e-02,1.12719600e-01,1.60000000e-01,2.42505900e-02
4.83000000e-02,2.50550752e-02,1.61000000e-01,6.91274424e-02,4.83000000e-02,8.67725988e-02,1.61000000e-01,1.19659993e-01,4.83000000e-02,1.12442501e-01,1.61000000e-01,2.39661798e-02
4.86000000e-02,2.51979618e-02,1.62000000e-01,6.94406555e-02,4.86000000e-02,8.71023559e-02,1.62000000e-01,1.19486375e-01,4.86000000e-02,1.12162277e-01,1.62000000e-01,2.36875728e-02
4.89000000e-02,2.53406979e-02,1.63000000e-01,6.97526382e-02,4.89000000e-02,8.74300550e-02,1.63000000e-01,1.19308902e-01,4.89000000e-02,1.11879008e-01,1.63000000e-01,2.34146613e-02
4.92000000e-02,2.54832836e-02,1.64000000e-01,7.00633938e-02,4.92000000e-02,8.77557043e-02,1.64000000e-01,1.19127649e-01,4.92000000e-02,1.11592775e-01,1.64000000e-01,2.31473393e-02
4.95000000e-02,2.56257191e-02,1.65000000e-01,7.03729258e-02,4.95000000e-02,8.80793122e-02,1.65000000e-01,1.18942689e-01,4.95000000e-02,1.11303657e-01,1.65000000e-01,2.28855021e-02
4.98000000e-02,2.57680044e-02,1.66000000e-01,7.06812374e-02,4.98000000e-02,8.84008869e-02,1.66000000e-01,1.18754096e-01,4.98000000e-02,1.11011732e-01,1.66000000e-01,2.26290465e-02
5.01000000e-02,2.59101397e-02,1.67000000e-01,7.09883322e-02,5.01000000e-02,8.87204366e-02,1.67000000e-01,1.18561940e-01,5.01000000e-02,1.10717077e-01,1.67000000e-01,2.23778712e-02
5.04000000e-02,2.60521251e-02,1.68000000e-01,7.12942134e-02,5.04000000e-02,8.90379695e-02,1.68000000e-01,1.18366293e-01,5.04000000e-02,1.10419767e-01,1.68000000e-01,2.21318759e-02
5.07000000e-02,2.61939607e-02,1.69000000e-01,7.15988843e-02,5.07000000e-02,8.93534938e-02,1.69000000e-01,1.18167225e-01,5.07000000e-02,1.10119877e-01,1.69000000e-01,2.18909622e-02
5.10000000e-02,2.63356466e-02,1.70000000e-01,7.19023484e-02,5.10000000e-02,8.96670177e-02,1.70000000e-01,1.17964804e-01,5.10000000e-02,1.09817479e-01,1.70000000e-01,2.16550330e-02
5.13000000e-02,2.64771830e-02,1.71000000e-01,7.22046088e-02,5.13000000e-02,8.99785492e-02,1.71000000e-01,1.17759099e-01,5.13000000e-02,1.09512645e-01,1.71000000e-01,2.14239929e-02
5.16000000e-02,2.66185700e-02,1.72000000e-01,7.25056690e-02,5.16000000e-02,9.02880964e-02,1.72000000e-01,1.17550177e-01,5.16000000e-02,1.09205447e-01,1.72000000e-01,2.11977478e-02
5.19000000e-02,2.67598077e-02,1.73000000e-01,7.28055323e-02,5.19000000e-02,9.05956675e-02,1.73000000e-01,1.17338103e-01,5.19000000e-02,1.08895954e-01,1.73000000e-01,2.09762052e-02
5.22000000e-02,2.69008962e-02,1.74000000e-01,7.31042019e-02,5.22000000e-02,9.09012703e-02,1.74000000e-01,1.17122944e-01,5.22000000e-02,1.08584234e-01,1.74000000e-01,2.07592741e-02
5.25000000e-02,2.70418357e-02,1.75000000e-01,7.34016811e-02,5.25000000e-02,9.12049130e-02,1.75000000e-01,1.16904763e-01,5.25000000e-02,1.08270356e-01,1.75000000e-01,2.05468649e-02
5.28000000e-02,2.71826262e-02,1.76000000e-01,7.36979733e-02,5.28000000e-02,9.15066035e-02,1.76000000e-01,1.16683625e-01,5.28000000e-02,1.07954384e-01,1.76000000e-01,2.03388896e-02
5.31000000e-02,2.73232678e-02,1.77000000e-01,7.39930817e-02,5.31000000e-02,9.18063497e-02,1.77000000e-01,1.16459591e-01,5.31000000e-02,1.07636385e-01,1.77000000e-01,2.01352614e-02
5.34000000e-02,2.74637608e-02,1.78000000e-01,7.42870096e-02,5.34000000e-02,9.21041596e-02,1.78000000e-01,1.16232724e-01,5.34000000e-02,1.07316423e-01,1.78000000e-01,1.99358951e-02
5.37000000e-02,2.76041052e-02,1.79000000e-01,7.45797601e-02,5.37000000e-02,9.24000410e-02,1.79000000e-01,1.16003085e-01,5.37000000e-02,1.06994560e-01,1.79000000e-01,1.97407070e-02
5.40000000e-02,2.77443011e-02,1.80000000e-01,7.48713367e-02,5.40000000e-02,9.26940018e-02,1.80000000e-01,1.15770734e-01,5.40000000e-02,1.06670860e-01,1.80000000e-01,1.95496147e-02
5.43000000e-02,2.78843486e-02,1.81000000e-01,7.51617426e-02,5.43000000e-02,9.29860498e-02,1.81000000e-01,1.15535730e-01,5.43000000e-02,1.06345383e-01,1.81000000e-01,1.93625372e-02
5.46000000e-02,2.80242479e-02,1.82000000e-01,7.54509808e-02,5.46000000e-02,9.32761928e-02,1.82000000e-01,1.15298132e-01,5.46000000e-02,1.06018189e-01,1.82000000e-01,1.91793950e-02
5.49000000e-02,2.81639991e-02,1.83000000e-01,7.57390548e-02,5.49000000e-02,9.35644387e-02,1.83000000e-01,1.15057997e-01,5.49000000e-02,1.05689337e-01,1.83000000e-01,1.90001098e-02
5.52000000e-02,2.83036024e-02,1.84000000e-01,7.60259678e-02,5.52000000e-02,9.38507951e-02,1.84000000e-01,1.14815383e-01,5.52000000e-02,1.05358886e-01,1.84000000e-01,1.88246048e-02
5.55000000e-02,2.84430577e-02,1.85000000e-01,7.63117228e-02,5.55000000e-02,9.41352697e-02,1.85000000e-01,1.14570345e-01,5.55000000e-02,1.05026893e-01,1.85000000e-01,1.86528044e-02
5.58000000e-02,2.85823653e-02,1.86000000e-01,7.65963232e-02,5.58000000e-02,9.44178704e-02,1.86000000e-01,1.14322940e-01,5.58000000e-02,1.04693414e-01,1.86000000e-01,1.84846346e-02
5.61000000e-02,2.87215252e-02,1.87000000e-01,7.68797722e-02,5.61000000e-02,9.46986046e-02,1.87000000e-01,1.14073221e-01,5.61000000e-02,1.04358504e-01,1.87000000e-01,1.83200225e-02
5.64000000e-02,2.88605376e-02,1.88000000e-01,7.71620728e-02,5.64000000e-02,9.49774802e-02,1.88000000e-01,1.13821242e-01,5.64000000e-02,1.04022218e-01,1.88000000e-01,1.81588964e-02
5.67000000e-02,2.89994026e-02,1.89000000e-01,7.74432284e-02,5.67000000e-02,9.52545046e-02,1.89000000e-01,1.13567058e-01,5.67000000e-02,1.03684609e-01,1.89000000e-01,1.80011861e-02
5.70000000e-02,2.91381203e-02,1.90000000e-01,7.77232421e-02,5.70000000e-02,9.55296855e-02,1.90000000e-01,1.13310719e-01,5.70000000e-02,1.03345730e-01,1.90000000e-01,1.78468226e-02
5.73000000e-02,2.92766909e-02,1.91000000e-01,7.80021171e-02,5.73000000e-02,9.58030304e-02,1.91000000e-01,1.13052278e-01,5.73000000e-02,1.03005633e-01,1.91000000e-01,1.76957382e-02
5.76000000e-02,2.94151144e-02,1.92000000e-01,7.82798564e-02,5.76000000e-02,9.60745469e-02,1.92000000e-01,1.12791786e-01,5.76000000e-02,1.02664369e-01,1.92000000e-01,1.75478662e-02
5.79000000e-02,2.95533910e-02,1.93000000e-01,7.85564634e-02,5.79000000e-02,9.63442425e-02,1.93000000e-01,1.12529292e-01,5.79000000e-02,1.02321986e-01,1.93000000e-01,1.74031415e-02
5.82000000e-02,2.96915207e-02,1.94000000e-01,7.88319410e-02,5.82000000e-02,9.66121246e-02,1.94000000e-01,1.12264847e-01,5.82000000e-02,1.01978536e-01,1.94000000e-01,1.72614998e-02
5.85000000e-02,2.98295038e-02,1.95000000e-01,7.91062925e-02,5.85000000e-02,9.68782007e-02,1.95000000e-01,1.11998499e-01,5.85000000e-02,1.01634065e-01,1.95000000e-01,1.71228782e-02
5.88000000e-02,2.99673402e-02,1.96000000e-01,7.93795210e-02,5.88000000e-02,9.71424782e-02,1.96000000e-01,1.11730297e-01,5.88000000e-02,1.01288622e-01,1.96000000e-01,1.69872151e-02
5.91000000e-02,3.01050302e-02,1.97000000e-01,7.96516295e-02,5.91000000e-02,9.74049646e-02,1.97000000e-01,1.11460287e-01,5.91000000e-02,1.00942252e-01,1.97000000e-01,1.68544497e-02
5.94000000e-02,3.02425739e-02,1.98000000e-01,7.99226213e-02,5.94000000e-02,9.76656671e-02,1.98000000e-01,1.11188517e-01,5.94000000e-02,1.00595003e-01,1.98000000e-01,1.67245227e-02
5.97000000e-02,3.03799713e-02,1.99000000e-01,8.01924994e-02,5.97000000e-02,9.79245932e-02,1.99000000e-01,1.10915033e-01,5.97000000e-02,1.00246919e-01,1.99000000e-01,1.65973756e-02
6.00000000e-02,3.05172226e-02,2.00000000e-01,8.04612670e-02,6.00000000e-02,9.81817501e-02,2.00000000e-01,1.10639880e-01,6.00000000e-02,9.98980439e-02,2.00000000e-01,1.64729513e-02
