scenario,strategy,seed,round,cum_acid_mol_mol,delta_acid_mol_mol,cum_capillary_travel_m_m,delta_capillary_travel_m_m,cum_condition_changes_count,delta_condition_changes_count,cum_egda_mol_mol,delta_egda_mol_mol,cum_energy_kJ_kJ,delta_energy_kJ_kJ,cum_liquid_mL_mL,delta_liquid_mL_mL,cum_nmr_acquisitions_count,delta_nmr_acquisitions_count,cum_nmr_reacquisitions_count,delta_nmr_reacquisitions_count,cum_qc_rejected_count,delta_qc_rejected_count,cum_reactor_conditions_count,delta_reactor_conditions_count,cum_sample_mL_mL,delta_sample_mL_mL,cum_spatial_samples_count,delta_spatial_samples_count,cum_temperature_changes_count,delta_temperature_changes_count,cum_time_s_s,delta_time_s_s,cum_waste_mL_mL,delta_waste_mL_mL
S3_transport,A,7,1,0.002684052125297301,0.002684052125297301,0.0,0.0,0.0,0.0,0.005368104250594602,0.005368104250594602,0.6731602730245629,0.6731602730245629,10.736208501189203,10.736208501189203,1.0,1.0,0.0,0.0,0.0,0.0,1.0,1.0,0.75,0.75,1.0,1.0,0.0,0.0,644.1725100713522,644.1725100713522,11.486208501189203,11.486208501189203
S3_transport,A,7,2,0.007034770917261269,0.004350718791963968,0.0,0.0,1.0,1.0,0.014069541834522538,0.008701437583927937,13.219200910081875,12.546040637057313,28.139083669045075,17.40287516785587,2.0,1.0,0.0,0.0,0.0,0.0,2.0,1.0,1.5,0.75,2.0,1.0,1.0,1.0,1688.3450201427045,1044.1725100713522,29.639083669045075,18.15287516785587
S3_transport,A,7,3,0.010552156375891903,0.003517385458630634,0.0,0.0,2.0,1.0,0.021104312751783805,0.007034770917261268,20.865681729155565,7.646480819073689,42.20862550356761,14.069541834522536,3.0,1.0,0.0,0.0,0.0,0.0,3.0,1.0,2.25,0.75,3.0,1.0,2.0,1.0,2532.517530214057,844.1725100713525,44.45862550356761,14.819541834522536
S3_transport,A,7,4,0.01490287516785587,0.004350718791963967,0.0,0.0,3.0,1.0,0.02980575033571174,0.008701437583927933,35.594042912262005,14.72836118310644,59.61150067142348,17.402875167855868,4.0,1.0,0.0,0.0,0.0,0.0,4.0,1.0,3.0,0.75,4.0,1.0,3.0,1.0,3576.690040285409,1044.172510071352,62.61150067142348,18.152875167855868
S3_transport,A,7,5,0.019253593959819838,0.004350718791963968,0.0,0.0,4.0,1.0,0.038507187919639675,0.008701437583927937,51.777284459401194,16.18324154713919,77.01437583927935,17.402875167855875,5.0,1.0,0.0,0.0,0.0,0.0,5.0,1.0,3.75,0.75,5.0,1.0,4.0,1.0,4620.862550356761,1044.172510071352,80.76437583927935,18.152875167855875
S3_transport,A,7,6,0.023604312751783808,0.00435071879196397,0.0,0.0,5.0,1.0,0.047208625503567615,0.00870143758392794,69.41540637057314,17.638121911171943,94.41725100713523,17.402875167855882,6.0,1.0,0.0,0.0,0.0,0.0,6.0,1.0,4.5,0.75,6.0,1.0,5.0,1.0,5665.035060428113,1044.172510071352,98.91725100713523,18.152875167855882
S3_transport,A,7,7,0.027121698210414442,0.003517385458630635,0.0,0.0,6.0,1.0,0.054243396420828885,0.00703477091726127,81.17863513042813,11.763228759854996,108.48679284165777,14.06954183452254,7.0,1.0,0.0,0.0,0.0,0.0,7.0,1.0,5.25,0.75,7.0,1.0,6.0,1.0,6509.207570499465,844.172510071352,113.73679284165777,14.81954183452254
S3_transport,A,7,8,0.03147241700237841,0.00435071879196397,0.0,0.0,7.0,1.0,0.06294483400475682,0.00870143758392794,100.9990775876492,19.820442457221063,125.88966800951366,17.402875167855882,8.0,1.0,0.0,0.0,0.0,0.0,8.0,1.0,6.0,0.75,8.0,1.0,7.0,1.0,7553.380080570817,1044.172510071352,131.88966800951366,18.152875167855882
S3_transport,B,7,1,0.006433885849476525,0.006433885849476525,0.18000000000000002,0.18000000000000002,0.0,0.0,0.01286777169895305,0.01286777169895305,1.6136185710487128,1.6136185710487128,25.735543397906103,25.735543397906103,10.0,10.0,0.0,0.0,0.0,0.0,1.0,1.0,7.5,7.5,10.0,10.0,0.0,0.0,1544.1326038743657,1544.1326038743657,33.235543397906106,33.235543397906106
S3_transport,B,7,2,0.014909438365619717,0.008475552516143191,0.5400000000000001,0.3600000000000001,1.0,1.0,0.029818876731239435,0.016951105032286383,16.573511903495707,14.959893332446994,59.63775346247885,33.90221006457274,20.0,10.0,0.0,0.0,0.0,0.0,2.0,1.0,15.0,7.5,20.0,10.0,1.0,1.0,3578.2652077487314,2034.1326038743657,74.63775346247886,41.40221006457275
S3_transport,B,7,3,0.02255165754842958,0.0076422191828098614,0.9000000000000004,0.3600000000000002,2.0,1.0,0.04510331509685916,0.015284438365619723,27.323517616641837,10.75000571314613,90.20663019371827,30.56887673123942,30.0,10.0,0.0,0.0,0.0,0.0,3.0,1.0,22.5,7.5,30.0,10.0,2.0,1.0,5412.397811623097,1834.132603874366,112.70663019371827,38.06887673123941
S3_transport,B,7,4,0.031027210064572774,0.008475552516143195,1.2600000000000005,0.3600000000000001,3.0,1.0,0.06205442012914555,0.01695110503228639,46.53474809118628,19.211230474544443,124.10884025829102,33.902210064572756,40.0,10.0,0.0,0.0,0.0,0.0,4.0,1.0,30.0,7.5,40.0,10.0,3.0,1.0,7446.530415497463,2034.1326038743655,154.10884025829102,41.402210064572756
S3_transport,B,7,5,0.039502762580715965,0.008475552516143191,1.6200000000000006,0.3600000000000001,4.0,1.0,0.07900552516143193,0.016951105032286383,68.58020332712898,22.045455235942704,158.01105032286378,33.902210064572756,50.0,10.0,0.0,0.0,0.0,0.0,5.0,1.0,37.5,7.5,50.0,10.0,4.0,1.0,9480.663019371837,2034.1326038743746,195.51105032286378,41.402210064572756
S3_transport,B,7,6,0.04797831509685915,0.008475552516143188,1.9800000000000006,0.3600000000000001,5.0,1.0,0.0959566301937183,0.016951105032286376,93.45988332446993,24.879679997340943,191.91326038743654,33.902210064572756,60.0,10.0,0.0,0.0,0.0,0.0,6.0,1.0,45.0,7.5,60.0,10.0,5.0,1.0,11514.795623246213,2034.1326038743755,236.91326038743654,41.402210064572756
S3_transport,B,7,7,0.05562053427966901,0.007642219182809856,2.3400000000000007,0.3600000000000001,6.0,1.0,0.11124106855933802,0.015284438365619712,113.15434236917667,19.694459044706747,222.48213711867595,30.568876731239413,70.0,10.0,0.0,0.0,0.0,0.0,7.0,1.0,52.5,7.5,70.0,10.0,6.0,1.0,13348.928227120588,1834.1326038743755,274.9821371186762,38.06887673123964
S3_transport,B,7,8,0.06409608679581219,0.008475552516143181,2.700000000000001,0.3600000000000003,7.0,1.0,0.12819217359162438,0.016951105032286362,142.28535950861502,29.13101713943834,256.38434718324874,33.902210064572785,80.0,10.0,0.0,0.0,0.0,0.0,8.0,1.0,60.0,7.5,80.0,10.0,7.0,1.0,15383.060830994964,2034.1326038743755,316.3843471832492,41.40221006457301
S3_transport,C,7,1,0.002684052125297301,0.002684052125297301,0.0,0.0,0.0,0.0,0.005368104250594602,0.005368104250594602,0.6731602730245629,0.6731602730245629,10.736208501189203,10.736208501189203,1.0,1.0,0.0,0.0,0.0,0.0,1.0,1.0,0.75,0.75,1.0,1.0,0.0,0.0,644.1725100713522,644.1725100713522,11.486208501189203,11.486208501189203
S3_transport,C,7,2,0.04880211942570951,0.04611806730041221,0.0,0.0,1.0,1.0,0.05148617155100681,0.04611806730041221,112.72201102826979,112.04885075524523,102.97234310201362,92.23613460082441,2.0,1.0,0.0,0.0,0.0,0.0,2.0,1.0,1.5,0.75,2.0,1.0,1.0,1.0,3411.2565480960848,2767.0840380247328,104.47234310201362,92.98613460082441
S3_transport,C,7,3,0.053795242151395306,0.004993122725685799,0.0,0.0,2.0,1.0,0.056479294276692606,0.004993122725685799,118.35724933647879,5.635238308208997,112.95858855338523,9.986245451371602,3.0,1.0,0.0,0.0,0.0,0.0,3.0,1.0,2.25,0.75,3.0,1.0,1.0,0.0,4609.606002260677,1198.3494541645923,115.20858855338523,10.736245451371602
S3_transport,C,7,4,0.06212169821041444,0.008326456059019133,0.0,0.0,3.0,1.0,0.06480575033571175,0.00832645605901914,144.97012073855177,26.612871402072983,129.6115006714235,16.652912118038273,4.0,1.0,0.0,0.0,0.0,0.0,4.0,1.0,3.0,0.75,4.0,1.0,2.0,1.0,6607.955456425269,1998.3494541645923,132.6115006714235,17.402912118038273
S3_transport,C,7,5,0.06961482093610025,0.007493122725685808,0.0,0.0,4.0,1.0,0.07229887306139755,0.007493122725685808,164.04188362768946,19.071762889137688,144.59774612279512,14.986245451371616,5.0,1.0,0.0,0.0,0.0,0.0,5.0,1.0,3.75,0.75,5.0,1.0,3.0,1.0,8406.304910589863,1798.3494541645932,148.34774612279512,15.736245451371616
S3_transport,C,7,6,0.07813220639473088,0.008517385458630636,0.0,0.0,5.0,1.0,0.08933364397865882,0.01703477091726127,218.26732608491054,54.22544245722108,178.66728795731765,34.06954183452254,6.0,1.0,0.0,0.0,0.0,0.0,6.0,1.0,4.5,0.75,6.0,1.0,4.0,1.0,10450.477420661216,2044.1725100713538,183.16728795731765,34.81954183452254
S3_transport,C,7,7,0.08312532912041669,0.004993122725685806,0.0,0.0,6.0,1.0,0.09432676670434463,0.004993122725685806,223.90256439311952,5.635238308208983,188.65353340868927,9.986245451371616,7.0,1.0,0.0,0.0,0.0,0.0,7.0,1.0,5.25,0.75,7.0,1.0,4.0,0.0,11648.826874825809,1198.3494541645923,193.90353340868927,10.736245451371616
S3_transport,C,7,8,0.09311845184610248,0.009993122725685796,0.0,0.0,7.0,1.0,0.10431988943003043,0.009993122725685796,260.1682523421245,36.265687949004985,208.63977886006086,19.986245451371587,8.0,1.0,0.0,0.0,0.0,0.0,8.0,1.0,6.0,0.75,8.0,1.0,5.0,1.0,14047.176328990401,2398.3494541645923,214.63977886006086,20.736245451371587
S3_transport,D,7,1,0.006433885849476525,0.006433885849476525,0.18000000000000002,0.18000000000000002,0.0,0.0,0.01286777169895305,0.01286777169895305,1.6136185710487128,1.6136185710487128,25.735543397906103,25.735543397906103,10.0,10.0,0.0,0.0,0.0,0.0,1.0,1.0,7.5,7.5,10.0,10.0,0.0,0.0,1544.1326038743657,1544.1326038743657,33.235543397906106,33.235543397906106
S3_transport,D,7,2,0.021576105032286384,0.01514221918280986,0.5400000000000001,0.3600000000000001,1.0,1.0,0.04315221006457277,0.03028443836561972,80.72907761575546,79.11545904470674,86.30442012914551,60.56887673123941,20.0,10.0,0.0,0.0,0.0,0.0,2.0,1.0,15.0,7.5,20.0,10.0,1.0,1.0,5178.265207748731,3634.1326038743655,101.30442012914551,68.06887673123941
S3_transport,D,7,3,0.032360728148818074,0.01078462311653169,0.9000000000000004,0.3600000000000002,2.0,1.0,0.053936833181104454,0.010784623116531687,102.90060326507309,22.17152564931763,107.87366636220888,21.569246233063367,30.0,10.0,0.0,0.0,0.0,0.0,3.0,1.0,22.5,7.5,30.0,10.0,2.0,1.0,7766.574755716336,2588.309547967605,130.3736663622089,29.06924623306338
S3_transport,D,7,4,0.046478684598683095,0.014117956449865021,1.2600000000000005,0.3600000000000001,3.0,1.0,0.06805478963096949,0.014117956449865035,141.75256195913832,38.85195869406523,136.10957926193905,28.235912899730167,40.0,10.0,0.0,0.0,0.0,0.0,4.0,1.0,30.0,7.5,40.0,10.0,3.0,1.0,11154.88430368395,3388.309547967614,166.10957926193905,35.73591289973015
S3_transport,D,7,5,0.06059664104854812,0.014117956449865021,1.6200000000000006,0.3600000000000001,4.0,1.0,0.08217274608083451,0.014117956449865021,187.68608760845606,45.933525649317744,164.34549216166923,28.23591289973018,50.0,10.0,0.0,0.0,0.0,0.0,5.0,1.0,37.5,7.5,50.0,10.0,4.0,1.0,14543.193851651564,3388.309547967614,201.84549216166923,35.73591289973018
S3_transport,D,7,6,0.06509645629763613,0.004499815249088018,1.9800000000000006,0.3600000000000001,4.0,0.0,0.08667256132992254,0.004499815249088032,192.7645790985769,5.078491490120825,173.3451226598454,8.999630498176174,60.0,10.0,0.0,0.0,0.0,0.0,5.0,0.0,45.0,7.5,60.0,10.0,4.0,0.0,15623.149511432699,1079.9556597811352,218.3451226598454,16.499630498176174
S3_transport,D,7,7,0.07921441274750117,0.014117956449865035,2.3400000000000007,0.3600000000000001,5.0,1.0,0.10079051777978758,0.014117956449865035,231.61653779264213,38.851958694065246,201.58103555957555,28.235912899730153,70.0,10.0,0.0,0.0,0.0,0.0,6.0,1.0,52.5,7.5,70.0,10.0,5.0,1.0,19011.459059400295,3388.309547967596,254.08103555957555,35.73591289973015
S3_transport,D,7,8,0.09333236919736619,0.014117956449865021,2.700000000000001,0.3600000000000003,6.0,1.0,0.1149084742296526,0.014117956449865021,277.5500634419599,45.933525649317744,229.81694845930573,28.23591289973018,80.0,10.0,0.0,0.0,0.0,0.0,7.0,1.0,60.0,7.5,80.0,10.0,6.0,1.0,22399.768607367892,3388.3095479675976,289.8169484593055,35.735912899729925
S3_transport,E,7,1,0.006252435849476524,0.006252435849476524,0.09290400000000001,0.09290400000000001,0.0,0.0,0.012504871698953047,0.012504871698953047,1.568110911048712,1.568110911048712,25.009743397906092,25.009743397906092,10.0,10.0,0.0,0.0,0.0,0.0,1.0,1.0,7.5,7.5,10.0,10.0,0.0,0.0,1500.584603874366,1500.584603874366,32.50974339790609,32.50974339790609
S3_transport,E,7,2,0.00789966482779636,0.0016472289783198363,0.38298399999999994,0.2900799999999999,1.0,1.0,0.02897716148215141,0.01647228978319836,61.02748688274021,59.4593759716915,57.95432296430282,32.944579566396726,20.0,10.0,0.0,0.0,0.0,0.0,2.0,1.0,15.0,7.5,20.0,10.0,1.0,1.0,5453.934151841971,3953.349547967605,72.95432296430282,40.444579566396726
S3_transport,E,7,3,0.019448721277661393,0.011549056449865033,0.7099119999999999,0.32692799999999994,2.0,1.0,0.040526217932016446,0.011549056449865036,89.06175199205788,28.034265109317666,81.05243586403289,23.09811289973007,30.0,10.0,0.0,0.0,0.0,0.0,3.0,1.0,22.5,7.5,30.0,10.0,2.0,1.0,8225.707699809576,2771.7735479676057,103.55243586403289,30.59811289973007
S3_transport,E,7,4,0.03302084439419309,0.013572123116531696,0.807912,0.09800000000000009,3.0,1.0,0.05409834104854816,0.013572123116531713,127.57147318612324,38.509721194065364,108.19668209709631,27.144246233063427,40.0,10.0,0.0,0.0,0.0,0.0,4.0,1.0,30.0,7.5,40.0,10.0,3.0,1.0,11483.01724777718,3257.309547967603,138.19668209709627,34.644246233063384
S3_transport,E,7,5,0.04706173417739146,0.014040889783198368,1.1309199999999997,0.32300799999999974,4.0,1.0,0.06813923083174649,0.014040889783198326,173.41802139544086,45.84654820931762,136.27846166349303,28.08177956639672,50.0,10.0,0.0,0.0,0.0,0.0,5.0,1.0,37.5,7.5,50.0,10.0,4.0,1.0,14852.830795744783,3369.813547967604,173.778461663493,35.58177956639673
S3_transport,E,7,6,0.05147468275981284,0.004412948582421382,1.449224,0.31830400000000036,4.0,0.0,0.0725521794141678,0.004412948582421319,178.39847516556156,4.980453770120704,145.10435882833573,8.8258971648427,60.0,10.0,0.0,0.0,0.0,0.0,5.0,0.0,45.0,7.5,60.0,10.0,4.0,0.0,15911.938455525908,1059.1076597811243,190.1043588283357,16.3258971648427
S3_transport,E,7,7,0.05588763134223422,0.004412948582421382,1.767528,0.3183039999999999,4.0,0.0,0.07696512799658912,0.004412948582421319,183.3789289356823,4.980453770120732,153.93025599317843,8.8258971648427,70.0,10.0,0.0,0.0,0.0,0.0,5.0,0.0,52.5,7.5,70.0,10.0,4.0,0.0,16971.046115307043,1059.1076597811352,206.4302559931784,16.3258971648427
S3_transport,E,7,8,0.0603005799246556,0.004412948582421382,2.0858320000000004,0.31830400000000036,4.0,0.0,0.08137807657901044,0.004412948582421319,188.359382705803,4.980453770120704,162.75615315802114,8.8258971648427,80.0,10.0,0.0,0.0,0.0,0.0,5.0,0.0,60.0,7.5,80.0,10.0,4.0,0.0,18030.153775088183,1059.1076597811407,222.7561531580211,16.3258971648427
S3_transport,F,7,1,0.006467219182809857,0.006467219182809857,0.196,0.196,0.0,0.0,0.012934438365619715,0.012934438365619715,1.621978571048712,1.621978571048712,25.86887673123943,25.86887673123943,10.0,10.0,0.0,0.0,0.0,0.0,1.0,1.0,7.5,7.5,10.0,10.0,0.0,0.0,1552.1326038743657,1552.1326038743657,33.36887673123943,33.36887673123943
S3_transport,F,7,2,0.025651842299341556,0.0191846231165317,0.5880000000000001,0.39200000000000007,1.0,1.0,0.03211906148215141,0.0191846231165317,83.27374422036638,81.65176564931767,64.23812296430282,38.36924623306339,20.0,10.0,0.0,0.0,0.0,0.0,2.0,1.0,15.0,7.5,20.0,10.0,1.0,1.0,6156.442151841971,4604.309547967606,79.23812296430283,45.8692462330634
S3_transport,F,7,3,0.03687259874920659,0.011220756449865036,0.757344,0.16934399999999994,2.0,1.0,0.043339817932016446,0.011220756449865033,108.1233242320579,24.849580011691515,86.6796358640329,22.441512899730085,30.0,10.0,0.0,0.0,0.0,0.0,3.0,1.0,22.5,7.5,30.0,10.0,2.0,1.0,8849.423699809575,2692.9815479676035,109.17963586403292,29.941512899730085
S3_transport,F,7,4,0.049611388532404974,0.012738789783198382,0.8553440000000001,0.09800000000000009,3.0,1.0,0.05607860771521483,0.012738789783198382,138.9806197743724,30.857295542314503,112.15721543042967,25.47757956639677,40.0,10.0,0.0,0.0,0.0,0.0,4.0,1.0,30.0,7.5,40.0,10.0,3.0,1.0,11906.733247777178,3057.309547967603,142.15721543042957,32.977579566396656
S3_transport,F,7,5,0.057399833424004135,0.007788444891599161,1.1156320000000002,0.2602880000000001,4.0,1.0,0.07165549749841314,0.015576889783198315,196.56069758369003,57.58007780931763,143.31099499682642,31.15377956639675,50.0,10.0,0.0,0.0,0.0,0.0,5.0,1.0,37.5,7.5,50.0,10.0,4.0,1.0,15645.186795744781,3738.4535479676033,180.8109949968263,38.653779566396736
S3_transport,F,7,6,0.07097195654053577,0.013572123116531637,1.213632,0.09799999999999986,5.0,1.0,0.08522762061494478,0.013572123116531637,235.07041877775544,38.509721194065406,170.45524122988974,27.144246233063313,60.0,10.0,0.0,0.0,0.0,0.0,6.0,1.0,45.0,7.5,60.0,10.0,5.0,1.0,18902.4963437124,3257.3095479676176,215.45524122988962,34.64424623306331
S3_transport,F,7,7,0.0941709949061555,0.023199038365619734,1.4731360000000007,0.2595040000000006,6.0,1.0,0.10842665898056451,0.023199038365619734,291.25285347719375,56.18243469943832,216.8533179611292,46.398076731239456,70.0,10.0,0.0,0.0,0.0,0.0,7.0,1.0,52.5,7.5,70.0,10.0,6.0,1.0,21686.38094758678,2783.8846038743795,269.3533179611291,53.898076731239485
S3_transport,F,7,8,0.10443734954759597,0.010266354641440462,1.8043760000000006,0.33124,7.0,1.0,0.11869301362200498,0.010266354641440462,306.9811940774991,15.72834060030533,237.38602724401014,20.532709282880944,81.0,11.0,1.0,1.0,0.0,0.0,8.0,1.0,60.75,8.25,80.0,10.0,7.0,1.0,24150.306061532512,2463.9251139457338,298.1360272440101,28.782709282881
