x_m,tau_s,C_EGDA_mol_L,C_EGMA_mol_L,C_EG_mol_L,C_AcOH_mol_L,C_H2O_mol_L,C_OH_mol_L,X_EGDA,Y_EGMA,Y_EG
0.00000000e+00,0.00000000e+00,2.50000000e-01,0.00000000e+00,0.00000000e+00,0.00000000e+00,5.12020538e+01,0.00000000e+00,0.00000000e+00,0.00000000e+00,0.00000000e+00
3.00000000e-04,2.26194671e-01,2.49205965e-01,7.93372539e-04,6.62869579e-07,7.94698278e-04,5.12012591e+01,0.00000000e+00,3.17614163e-03,3.17349015e-03,2.65147832e-06
6.00000000e-04,4.52389342e-01,2.48414464e-01,1.58288933e-03,2.64715600e-06,1.58818364e-03,5.12004657e+01,0.00000000e+00,6.34214595e-03,6.33155732e-03,1.05886240e-05
9.00000000e-04,6.78584013e-01,2.47625489e-01,2.36856489e-03,5.94639163e-06,2.38045767e-03,5.11996734e+01,0.00000000e+00,9.49804511e-03,9.47425955e-03,2.37855665e-05
1.20000000e-03,9.04778684e-01,2.46839032e-01,3.15041367e-03,1.05541333e-05,3.17152193e-03,5.11988823e+01,0.00000000e+00,1.26438712e-02,1.26016547e-02,4.22165331e-05
1.50000000e-03,1.13097336e+00,2.46055086e-01,3.92845009e-03,1.64639617e-05,3.96137801e-03,5.11980925e+01,0.00000000e+00,1.57796562e-02,1.57138003e-02,6.58558469e-05
1.80000000e-03,1.35716803e+00,2.45273642e-01,4.70268851e-03,2.36694816e-05,4.75002747e-03,5.11973038e+01,0.00000000e+00,1.89054319e-02,1.88107540e-02,9.46779264e-05
2.10000000e-03,1.58336270e+00,2.44494692e-01,5.47314324e-03,3.21643213e-05,5.53747188e-03,5.11965164e+01,0.00000000e+00,2.20212302e-02,2.18925730e-02,1.28657285e-04
2.40000000e-03,1.80955737e+00,2.43718229e-01,6.23982855e-03,4.19421331e-05,6.32371282e-03,5.11957301e+01,0.00000000e+00,2.51270827e-02,2.49593142e-02,1.67768532e-04
2.70000000e-03,2.03575204e+00,2.42944245e-01,7.00275866e-03,5.29965925e-05,7.10875185e-03,5.11949451e+01,0.00000000e+00,2.82230210e-02,2.80110346e-02,2.11986370e-04
3.00000000e-03,2.26194671e+00,2.42172731e-01,7.76194774e-03,6.53213988e-05,7.89259053e-03,5.11941613e+01,0.00000000e+00,3.13090765e-02,3.10477909e-02,2.61285595e-04
3.30000000e-03,2.48814138e+00,2.41403680e-01,8.51740990e-03,7.89102751e-05,8.67523045e-03,5.11933786e+01,0.00000000e+00,3.43852807e-02,3.40696396e-02,3.15641100e-04
3.60000000e-03,2.71433605e+00,2.40637084e-01,9.26915923e-03,9.37569678e-05,9.45667316e-03,5.11925972e+01,0.00000000e+00,3.74516648e-02,3.70766369e-02,3.75027871e-04
3.90000000e-03,2.94053072e+00,2.39872935e-01,1.00172097e-02,1.09855247e-04,1.02369202e-02,5.11918169e+01,0.00000000e+00,4.05082599e-02,4.00688389e-02,4.39420987e-04
4.20000000e-03,3.16672539e+00,2.39111226e-01,1.07615754e-02,1.27198905e-04,1.10159732e-02,5.11910379e+01,0.00000000e+00,4.35550972e-02,4.30463016e-02,5.08795619e-04
4.50000000e-03,3.39292007e+00,2.38351948e-01,1.15022702e-02,1.45781758e-04,1.17938337e-02,5.11902600e+01,0.00000000e+00,4.65922077e-02,4.60090807e-02,5.83127031e-04
4.80000000e-03,3.61911474e+00,2.37595094e-01,1.22393079e-02,1.65597645e-04,1.25705032e-02,5.11894833e+01,0.00000000e+00,4.96196222e-02,4.89572316e-02,6.62390579e-04
5.10000000e-03,3.84530941e+00,2.36840657e-01,1.29727025e-02,1.86640428e-04,1.33459833e-02,5.11887079e+01,0.00000000e+00,5.26373716e-02,5.18908099e-02,7.46561713e-04
5.40000000e-03,4.07150408e+00,2.36088628e-01,1.37024676e-02,2.08903992e-04,1.41202756e-02,5.11879336e+01,0.00000000e+00,5.56454864e-02,5.48098705e-02,8.35615970e-04
5.70000000e-03,4.29769875e+00,2.35339001e-01,1.44286171e-02,2.32382246e-04,1.48933816e-02,5.11871605e+01,0.00000000e+00,5.86439974e-02,5.77144685e-02,9.29528982e-04
6.00000000e-03,4.52389342e+00,2.34591766e-01,1.51511646e-02,2.57069118e-04,1.56653029e-02,5.11863885e+01,0.00000000e+00,6.16329351e-02,6.06046586e-02,1.02827647e-03
6.30000000e-03,4.75008809e+00,2.33846918e-01,1.58701239e-02,2.82958564e-04,1.64360410e-02,5.11856178e+01,0.00000000e+00,6.46123297e-02,6.34804955e-02,1.13183426e-03
6.60000000e-03,4.97628276e+00,2.33104447e-01,1.65855084e-02,3.10044560e-04,1.72055975e-02,5.11848482e+01,0.00000000e+00,6.75822117e-02,6.63420335e-02,1.24017824e-03
6.90000000e-03,5.20247743e+00,2.32364347e-01,1.72973317e-02,3.38321104e-04,1.79739739e-02,5.11840799e+01,0.00000000e+00,7.05426113e-02,6.91893269e-02,1.35328441e-03
7.20000000e-03,5.42867211e+00,2.31626610e-01,1.80056074e-02,3.67782217e-04,1.87411719e-02,5.11833127e+01,0.00000000e+00,7.34935586e-02,7.20224297e-02,1.47112887e-03
7.50000000e-03,5.65486678e+00,2.30891229e-01,1.87103490e-02,3.98421943e-04,1.95071928e-02,5.11825467e+01,0.00000000e+00,7.64350836e-02,7.48413958e-02,1.59368777e-03
7.80000000e-03,5.88106145e+00,2.30158196e-01,1.94115697e-02,4.30234348e-04,2.02720384e-02,5.11817818e+01,0.00000000e+00,7.93672162e-02,7.76462788e-02,1.72093739e-03
8.10000000e-03,6.10725612e+00,2.29427503e-01,2.01092831e-02,4.63213520e-04,2.10357101e-02,5.11810181e+01,0.00000000e+00,8.22899864e-02,8.04371323e-02,1.85285408e-03
8.40000000e-03,6.33345079e+00,2.28699144e-01,2.08035024e-02,4.97353570e-04,2.17982095e-02,5.11802556e+01,0.00000000e+00,8.52034237e-02,8.32140095e-02,1.98941428e-03
8.70000000e-03,6.55964546e+00,2.27973110e-01,2.14942409e-02,5.32648630e-04,2.25595381e-02,5.11794943e+01,0.00000000e+00,8.81075580e-02,8.59769635e-02,2.13059452e-03
9.00000000e-03,6.78584013e+00,2.27249395e-01,2.21815118e-02,5.69092854e-04,2.33196975e-02,5.11787341e+01,0.00000000e+00,9.10024187e-02,8.87260473e-02,2.27637142e-03
9.30000000e-03,7.01203480e+00,2.26527991e-01,2.28653284e-02,6.06680420e-04,2.40786893e-02,5.11779752e+01,0.00000000e+00,9.38880354e-02,9.14613137e-02,2.42672168e-03
9.60000000e-03,7.23822947e+00,2.25808891e-01,2.35457038e-02,6.45405525e-04,2.48365149e-02,5.11772173e+01,0.00000000e+00,9.67644374e-02,9.41828153e-02,2.58162210e-03
9.90000000e-03,7.46442414e+00,2.25092087e-01,2.42226511e-02,6.85262391e-04,2.55931759e-02,5.11764607e+01,0.00000000e+00,9.96316539e-02,9.68906044e-02,2.74104956e-03
1.02000000e-02,7.69061882e+00,2.24377571e-01,2.48961833e-02,7.26245258e-04,2.63486738e-02,5.11757052e+01,0.00000000e+00,1.02489714e-01,9.95847332e-02,2.90498103e-03
1.05000000e-02,7.91681349e+00,2.23665338e-01,2.55663135e-02,7.68348391e-04,2.71030103e-02,5.11749508e+01,0.00000000e+00,1.05338647e-01,1.02265254e-01,3.07339357e-03
1.08000000e-02,8.14300816e+00,2.22955379e-01,2.62330546e-02,8.11566076e-04,2.78561867e-02,5.11741977e+01,0.00000000e+00,1.08178483e-01,1.04932218e-01,3.24626430e-03
1.11000000e-02,8.36920283e+00,2.22247688e-01,2.68964195e-02,8.55892619e-04,2.86082048e-02,5.11734456e+01,0.00000000e+00,1.11009249e-01,1.07585678e-01,3.42357047e-03
1.14000000e-02,8.59539750e+00,2.21542256e-01,2.75564212e-02,9.01322348e-04,2.93590659e-02,5.11726948e+01,0.00000000e+00,1.13830974e-01,1.10225685e-01,3.60528939e-03
1.17000000e-02,8.82159217e+00,2.20839078e-01,2.82130724e-02,9.47849613e-04,3.01087716e-02,5.11719451e+01,0.00000000e+00,1.16643688e-01,1.12852290e-01,3.79139845e-03
1.20000000e-02,9.04778684e+00,2.20138145e-01,2.88663860e-02,9.95468785e-04,3.08573236e-02,5.11711965e+01,0.00000000e+00,1.19447419e-01,1.15465544e-01,3.98187514e-03
1.23000000e-02,9.27398151e+00,2.19439451e-01,2.95163747e-02,1.04417426e-03,3.16047232e-02,5.11704491e+01,0.00000000e+00,1.22242196e-01,1.18065499e-01,4.17669703e-03
1.26000000e-02,9.50017618e+00,2.18742988e-01,3.01630511e-02,1.09396044e-03,3.23509720e-02,5.11697029e+01,0.00000000e+00,1.25028046e-01,1.20652205e-01,4.37584177e-03
1.29000000e-02,9.72637086e+00,2.18048750e-01,3.08064281e-02,1.14482178e-03,3.30960716e-02,5.11689578e+01,0.00000000e+00,1.27804999e-01,1.23225712e-01,4.57928710e-03
1.32000000e-02,9.95256553e+00,2.17356729e-01,3.14465181e-02,1.19675271e-03,3.38400235e-02,5.11682138e+01,0.00000000e+00,1.30573083e-01,1.25786072e-01,4.78701085e-03
1.35000000e-02,1.01787602e+01,2.16666919e-01,3.20833337e-02,1.24974773e-03,3.45828292e-02,5.11674710e+01,0.00000000e+00,1.33332326e-01,1.28333335e-01,4.99899092e-03
1.38000000e-02,1.04049549e+01,2.15979311e-01,3.27168876e-02,1.30380132e-03,3.53244902e-02,5.11667294e+01,0.00000000e+00,1.36082756e-01,1.30867550e-01,5.21520530e-03
1.41000000e-02,1.06311495e+01,2.15293900e-01,3.33471921e-02,1.35890802e-03,3.60650081e-02,5.11659888e+01,0.00000000e+00,1.38824401e-01,1.33388768e-01,5.43563206e-03
1.44000000e-02,1.08573442e+01,2.14610678e-01,3.39742598e-02,1.41506234e-03,3.68043844e-02,5.11652495e+01,0.00000000e+00,1.41557288e-01,1.35897039e-01,5.66024937e-03
1.47000000e-02,1.10835389e+01,2.13929638e-01,3.45981029e-02,1.47225886e-03,3.75426206e-02,5.11645112e+01,0.00000000e+00,1.44281447e-01,1.38392412e-01,5.88903545e-03
1.50000000e-02,1.13097336e+01,2.13250774e-01,3.52187340e-02,1.53049216e-03,3.82797183e-02,5.11637741e+01,0.00000000e+00,1.46996904e-01,1.40874936e-01,6.12196864e-03
1.53000000e-02,1.15359282e+01,2.12574078e-01,3.58361652e-02,1.58975683e-03,3.90156789e-02,5.11630382e+01,0.00000000e+00,1.49703688e-01,1.43344661e-01,6.35902734e-03
1.56000000e-02,1.17621229e+01,2.11899544e-01,3.64504089e-02,1.65004751e-03,3.97505039e-02,5.11623033e+01,0.00000000e+00,1.52401826e-01,1.45801636e-01,6.60019003e-03
1.59000000e-02,1.19883176e+01,2.11227164e-01,3.70614773e-02,1.71135882e-03,4.04841950e-02,5.11615696e+01,0.00000000e+00,1.55091345e-01,1.48245909e-01,6.84543528e-03
1.62000000e-02,1.22145122e+01,2.10556932e-01,3.76693826e-02,1.77368543e-03,4.12167535e-02,5.11608371e+01,0.00000000e+00,1.57772272e-01,1.50677531e-01,7.09474174e-03
1.65000000e-02,1.24407069e+01,2.09888841e-01,3.82741370e-02,1.83702203e-03,4.19481811e-02,5.11601057e+01,0.00000000e+00,1.60444636e-01,1.53096548e-01,7.34808814e-03
1.68000000e-02,1.26669016e+01,2.09222884e-01,3.88757525e-02,1.90136332e-03,4.26784792e-02,5.11593754e+01,0.00000000e+00,1.63108463e-01,1.55503010e-01,7.60545329e-03
1.71000000e-02,1.28930963e+01,2.08559055e-01,3.94742413e-02,1.96670402e-03,4.34076493e-02,5.11586462e+01,0.00000000e+00,1.65763781e-01,1.57896965e-01,7.86681608e-03
1.74000000e-02,1.31192909e+01,2.07897346e-01,4.00696153e-02,2.03303887e-03,4.41356930e-02,5.11579182e+01,0.00000000e+00,1.68410617e-01,1.60278461e-01,8.13215549e-03
1.77000000e-02,1.33454856e+01,2.07237751e-01,4.06618865e-02,2.10036264e-03,4.48626118e-02,5.11571912e+01,0.00000000e+00,1.71048997e-01,1.62647546e-01,8.40145057e-03
1.80000000e-02,1.35716803e+01,2.06580263e-01,4.12510669e-02,2.16867011e-03,4.55884071e-02,5.11564654e+01,0.00000000e+00,1.73678948e-01,1.65004268e-01,8.67468045e-03
1.83000000e-02,1.37978749e+01,2.05924876e-01,4.18371684e-02,2.23795608e-03,4.63130806e-02,5.11557408e+01,0.00000000e+00,1.76300498e-01,1.67348674e-01,8.95182434e-03
1.86000000e-02,1.40240696e+01,2.05271582e-01,4.24202028e-02,2.30821538e-03,4.70366336e-02,5.11550172e+01,0.00000000e+00,1.78913673e-01,1.69680811e-01,9.23286153e-03
1.89000000e-02,1.42502643e+01,2.04620375e-01,4.30001820e-02,2.37944285e-03,4.77590677e-02,5.11542948e+01,0.00000000e+00,1.81518499e-01,1.72000728e-01,9.51777139e-03
1.92000000e-02,1.44764589e+01,2.03971249e-01,4.35771177e-02,2.45163334e-03,4.84803844e-02,5.11535735e+01,0.00000000e+00,1.84115004e-01,1.74308471e-01,9.80653337e-03
1.95000000e-02,1.47026536e+01,2.03324196e-01,4.41510218e-02,2.52478175e-03,4.92005853e-02,5.11528533e+01,0.00000000e+00,1.86703214e-01,1.76604087e-01,1.00991270e-02
1.98000000e-02,1.49288483e+01,2.02679211e-01,4.47219057e-02,2.59888297e-03,4.99196717e-02,5.11521342e+01,0.00000000e+00,1.89283155e-01,1.78887623e-01,1.03955319e-02
2.01000000e-02,1.51550430e+01,2.02036287e-01,4.52897814e-02,2.67393193e-03,5.06376452e-02,5.11514162e+01,0.00000000e+00,1.91854853e-01,1.81159125e-01,1.06957277e-02
2.04000000e-02,1.53812376e+01,2.01395416e-01,4.58546602e-02,2.74992355e-03,5.13545073e-02,5.11506993e+01,0.00000000e+00,1.94418335e-01,1.83418641e-01,1.09996942e-02
2.07000000e-02,1.56074323e+01,2.00756593e-01,4.64165540e-02,2.82685282e-03,5.20702596e-02,5.11499836e+01,0.00000000e+00,1.96973627e-01,1.85666216e-01,1.13074113e-02
2.10000000e-02,1.58336270e+01,2.00119811e-01,4.69754740e-02,2.90471469e-03,5.27849034e-02,5.11492689e+01,0.00000000e+00,1.99520755e-01,1.87901896e-01,1.16188588e-02
2.13000000e-02,1.60598216e+01,1.99485064e-01,4.75314320e-02,2.98350417e-03,5.34984403e-02,5.11485554e+01,0.00000000e+00,2.02059745e-01,1.90125728e-01,1.19340167e-02
2.16000000e-02,1.62860163e+01,1.98852344e-01,4.80844393e-02,3.06321628e-03,5.42108719e-02,5.11478430e+01,0.00000000e+00,2.04590622e-01,1.92337757e-01,1.22528651e-02
2.19000000e-02,1.65122110e+01,1.98221647e-01,4.86345073e-02,3.14384606e-03,5.49221995e-02,5.11471316e+01,0.00000000e+00,2.07113414e-01,1.94538029e-01,1.25753842e-02
2.22000000e-02,1.67384057e+01,1.97592964e-01,4.91816475e-02,3.22538855e-03,5.56324246e-02,5.11464214e+01,0.00000000e+00,2.09628144e-01,1.96726590e-01,1.29015542e-02
2.25000000e-02,1.69646003e+01,1.96966290e-01,4.97258712e-02,3.30783884e-03,5.63415489e-02,5.11457123e+01,0.00000000e+00,2.12134840e-01,1.98903485e-01,1.32313554e-02
2.28000000e-02,1.71907950e+01,1.96341618e-01,5.02671896e-02,3.39119201e-03,5.70495736e-02,5.11450043e+01,0.00000000e+00,2.14633526e-01,2.01068758e-01,1.35647681e-02
2.31000000e-02,1.74169897e+01,1.95718943e-01,5.08056141e-02,3.47544319e-03,5.77565005e-02,5.11442973e+01,0.00000000e+00,2.17124229e-01,2.03222456e-01,1.39017727e-02
2.34000000e-02,1.76431843e+01,1.95098257e-01,5.13411558e-02,3.56058749e-03,5.84623308e-02,5.11435915e+01,0.00000000e+00,2.19606973e-01,2.05364623e-01,1.42423500e-02
2.37000000e-02,1.78693790e+01,1.94479554e-01,5.18738260e-02,3.64662007e-03,5.91670662e-02,5.11428868e+01,0.00000000e+00,2.22081784e-01,2.07495304e-01,1.45864803e-02
2.40000000e-02,1.80955737e+01,1.93862828e-01,5.24036358e-02,3.73353610e-03,5.98707080e-02,5.11421831e+01,0.00000000e+00,2.24548688e-01,2.09614543e-01,1.49341444e-02
2.43000000e-02,1.83217684e+01,1.93248073e-01,5.29305963e-02,3.82133076e-03,6.05732578e-02,5.11414806e+01,0.00000000e+00,2.27007708e-01,2.11722385e-01,1.52853230e-02
2.46000000e-02,1.85479630e+01,1.92635282e-01,5.34547186e-02,3.90999926e-03,6.12747171e-02,5.11407791e+01,0.00000000e+00,2.29458871e-01,2.13818874e-01,1.56399970e-02
2.49000000e-02,1.87741577e+01,1.92024449e-01,5.39760137e-02,3.99953682e-03,6.19750873e-02,5.11400788e+01,0.00000000e+00,2.31902202e-01,2.15904055e-01,1.59981473e-02
2.52000000e-02,1.90003524e+01,1.91415569e-01,5.44944926e-02,4.08993868e-03,6.26743700e-02,5.11393795e+01,0.00000000e+00,2.34337725e-01,2.17977970e-01,1.63597547e-02
2.55000000e-02,1.92265470e+01,1.90808634e-01,5.50101663e-02,4.18120012e-03,6.33725665e-02,5.11386813e+01,0.00000000e+00,2.36765466e-01,2.20040665e-01,1.67248005e-02
2.58000000e-02,1.94527417e+01,1.90203638e-01,5.55230457e-02,4.27331639e-03,6.40696784e-02,5.11379842e+01,0.00000000e+00,2.39185448e-01,2.22092183e-01,1.70932656e-02
2.61000000e-02,1.96789364e+01,1.89600576e-01,5.60331416e-02,4.36628281e-03,6.47657072e-02,5.11372881e+01,0.00000000e+00,2.41597698e-01,2.24132566e-01,1.74651312e-02
2.64000000e-02,1.99051311e+01,1.88999440e-01,5.65404649e-02,4.46009468e-03,6.54606543e-02,5.11365932e+01,0.00000000e+00,2.44002238e-01,2.26161860e-01,1.78403787e-02
2.67000000e-02,2.01313257e+01,1.88400226e-01,5.70450264e-02,4.55474734e-03,6.61545211e-02,5.11358993e+01,0.00000000e+00,2.46399095e-01,2.28180106e-01,1.82189894e-02
2.70000000e-02,2.03575204e+01,1.87802927e-01,5.75468370e-02,4.65023614e-03,6.68473093e-02,5.11352065e+01,0.00000000e+00,2.48788292e-01,2.30187348e-01,1.86009446e-02
2.73000000e-02,2.05837151e+01,1.87207536e-01,5.80459072e-02,4.74655645e-03,6.75390201e-02,5.11345148e+01,0.00000000e+00,2.51169855e-01,2.32183629e-01,1.89862258e-02
2.76000000e-02,2.08099097e+01,1.86614048e-01,5.85422479e-02,4.84370366e-03,6.82296552e-02,5.11338242e+01,0.00000000e+00,2.53543806e-01,2.34168991e-01,1.93748146e-02
2.79000000e-02,2.10361044e+01,1.86022457e-01,5.90358696e-02,4.94167316e-03,6.89192159e-02,5.11331346e+01,0.00000000e+00,2.55910171e-01,2.36143478e-01,1.97666927e-02
2.82000000e-02,2.12622991e+01,1.85432757e-01,5.95267830e-02,5.04046039e-03,6.96077038e-02,5.11324461e+01,0.00000000e+00,2.58268974e-01,2.38107132e-01,2.01618416e-02
2.85000000e-02,2.14884938e+01,1.84844941e-01,6.00149987e-02,5.14006079e-03,7.02951203e-02,5.11317587e+01,0.00000000e+00,2.60620238e-01,2.40059995e-01,2.05602432e-02
2.88000000e-02,2.17146884e+01,1.84259003e-01,6.05005272e-02,5.24046981e-03,7.09814668e-02,5.11310724e+01,0.00000000e+00,2.62963988e-01,2.42002109e-01,2.09618792e-02
2.91000000e-02,2.19408831e+01,1.83674938e-01,6.09833790e-02,5.34168292e-03,7.16667448e-02,5.11303871e+01,0.00000000e+00,2.65300248e-01,2.43933516e-01,2.13667317e-02
2.94000000e-02,2.21670778e+01,1.83092740e-01,6.14635646e-02,5.44369563e-03,7.23509559e-02,5.11297029e+01,0.00000000e+00,2.67629041e-01,2.45854259e-01,2.17747825e-02
2.97000000e-02,2.23932724e+01,1.82512402e-01,6.19410945e-02,5.54650344e-03,7.30341014e-02,5.11290197e+01,0.00000000e+00,2.69950392e-01,2.47764378e-01,2.21860137e-02
3.00000000e-02,2.26194671e+01,1.81933919e-01,6.24159790e-02,5.65010188e-03,7.37161828e-02,5.11283377e+01,0.00000000e+00,2.72264324e-01,2.49663916e-01,2.26004075e-02
3.03000000e-02,2.28456618e+01,1.81357285e-01,6.28882285e-02,5.75448649e-03,7.43972015e-02,5.11276566e+01,0.00000000e+00,2.74570860e-01,2.51552914e-01,2.30179460e-02
3.06000000e-02,2.30718564e+01,1.80782494e-01,6.33578534e-02,5.85965284e-03,7.50771591e-02,5.11269767e+01,0.00000000e+00,2.76870025e-01,2.53431414e-01,2.34386114e-02
3.09000000e-02,2.32980511e+01,1.80209540e-01,6.38248639e-02,5.96559651e-03,7.57560569e-02,5.11262978e+01,0.00000000e+00,2.79161842e-01,2.55299456e-01,2.38623861e-02
3.12000000e-02,2.35242458e+01,1.79638417e-01,6.42892703e-02,6.07231310e-03,7.64338965e-02,5.11256199e+01,0.00000000e+00,2.81446334e-01,2.57157081e-01,2.42892524e-02
3.15000000e-02,2.37504405e+01,1.79069119e-01,6.47510828e-02,6.17979822e-03,7.71106792e-02,5.11249432e+01,0.00000000e+00,2.83723524e-01,2.59004331e-01,2.47191929e-02
3.18000000e-02,2.39766351e+01,1.78501641e-01,6.52103116e-02,6.28804749e-03,7.77864066e-02,5.11242674e+01,0.00000000e+00,2.85993436e-01,2.60841246e-01,2.51521900e-02
3.21000000e-02,2.42028298e+01,1.77935977e-01,6.56669669e-02,6.39705658e-03,7.84610800e-02,5.11235928e+01,0.00000000e+00,2.88256094e-01,2.62667867e-01,2.55882263e-02
3.24000000e-02,2.44290245e+01,1.77372120e-01,6.61210587e-02,6.50682115e-03,7.91347010e-02,5.11229191e+01,0.00000000e+00,2.90511519e-01,2.64484235e-01,2.60272846e-02
3.27000000e-02,2.46552191e+01,1.76810066e-01,6.65725972e-02,6.61733687e-03,7.98072709e-02,5.11222466e+01,0.00000000e+00,2.92759736e-01,2.66290389e-01,2.64693475e-02
3.30000000e-02,2.48814138e+01,1.76249808e-01,6.70215924e-02,6.72859944e-03,8.04787913e-02,5.11215751e+01,0.00000000e+00,2.95000767e-01,2.68086369e-01,2.69143978e-02
3.33000000e-02,2.51076085e+01,1.75691341e-01,6.74680543e-02,6.84060460e-03,8.11492635e-02,5.11209046e+01,0.00000000e+00,2.97234635e-01,2.69872217e-01,2.73624184e-02
3.36000000e-02,2.53338032e+01,1.75134659e-01,6.79119929e-02,6.95334805e-03,8.18186890e-02,5.11202352e+01,0.00000000e+00,2.99461364e-01,2.71647971e-01,2.78133922e-02
3.39000000e-02,2.55599978e+01,1.74579756e-01,6.83534181e-02,7.06682556e-03,8.24870692e-02,5.11195668e+01,0.00000000e+00,3.01680975e-01,2.73413672e-01,2.82673023e-02
3.42000000e-02,2.57861925e+01,1.74026627e-01,6.87923398e-02,7.18103290e-03,8.31544056e-02,5.11188994e+01,0.00000000e+00,3.03893491e-01,2.75169359e-01,2.87241316e-02
3.45000000e-02,2.60123872e+01,1.73475266e-01,6.92287680e-02,7.29596583e-03,8.38206997e-02,5.11182331e+01,0.00000000e+00,3.06098935e-01,2.76915072e-01,2.91838633e-02
3.48000000e-02,2.62385818e+01,1.72925667e-01,6.96627124e-02,7.41162017e-03,8.44859527e-02,5.11175679e+01,0.00000000e+00,3.08297330e-01,2.78650850e-01,2.96464807e-02
3.51000000e-02,2.64647765e+01,1.72377825e-01,7.00941829e-02,7.52799172e-03,8.51501663e-02,5.11169037e+01,0.00000000e+00,3.10488698e-01,2.80376732e-01,3.01119669e-02
3.54000000e-02,2.66909712e+01,1.71831734e-01,7.05231892e-02,7.64507633e-03,8.58133418e-02,5.11162405e+01,0.00000000e+00,3.12673062e-01,2.82092757e-01,3.05803053e-02
3.57000000e-02,2.69171659e+01,1.71287389e-01,7.09497411e-02,7.76286983e-03,8.64754807e-02,5.11155784e+01,0.00000000e+00,3.14850444e-01,2.83798964e-01,3.10514793e-02
3.60000000e-02,2.71433605e+01,1.70744784e-01,7.13738482e-02,7.88136810e-03,8.71365844e-02,5.11149173e+01,0.00000000e+00,3.17020865e-01,2.85495393e-01,3.15254724e-02
3.63000000e-02,2.73695552e+01,1.70203913e-01,7.17955202e-02,8.00056701e-03,8.77966543e-02,5.11142572e+01,0.00000000e+00,3.19184349e-01,2.87182081e-01,3.20022680e-02
3.66000000e-02,2.75957499e+01,1.69664771e-01,7.22147669e-02,8.12046246e-03,8.84556918e-02,5.11135982e+01,0.00000000e+00,3.21340917e-01,2.88859068e-01,3.24818498e-02
3.69000000e-02,2.78219445e+01,1.69127352e-01,7.26315977e-02,8.24105037e-03,8.91136984e-02,5.11129401e+01,0.00000000e+00,3.23490592e-01,2.90526391e-01,3.29642015e-02
3.72000000e-02,2.80481392e+01,1.68591651e-01,7.30460222e-02,8.36232665e-03,8.97706755e-02,5.11122832e+01,0.00000000e+00,3.25633396e-01,2.92184089e-01,3.34493066e-02
3.75000000e-02,2.82743339e+01,1.68057663e-01,7.34580501e-02,8.48428726e-03,9.04266246e-02,5.11116272e+01,0.00000000e+00,3.27769349e-01,2.93832200e-01,3.39371491e-02
3.78000000e-02,2.85005286e+01,1.67525381e-01,7.38676907e-02,8.60692817e-03,9.10815470e-02,5.11109723e+01,0.00000000e+00,3.29898475e-01,2.95470763e-01,3.44277127e-02
3.81000000e-02,2.87267232e+01,1.66994801e-01,7.42749535e-02,8.73024533e-03,9.17354442e-02,5.11103184e+01,0.00000000e+00,3.32020795e-01,2.97099814e-01,3.49209813e-02
3.84000000e-02,2.89529179e+01,1.66465917e-01,7.46798481e-02,8.85423476e-03,9.23883176e-02,5.11096655e+01,0.00000000e+00,3.34136331e-01,2.98719392e-01,3.54169390e-02
3.87000000e-02,2.91791126e+01,1.65938724e-01,7.50823837e-02,8.97889245e-03,9.30401686e-02,5.11090137e+01,0.00000000e+00,3.36245105e-01,3.00329535e-01,3.59155698e-02
3.90000000e-02,2.94053072e+01,1.65413216e-01,7.54825698e-02,9.10421443e-03,9.36909986e-02,5.11083628e+01,0.00000000e+00,3.38347137e-01,3.01930279e-01,3.64168577e-02
3.93000000e-02,2.96315019e+01,1.64889388e-01,7.58804156e-02,9.23019674e-03,9.43408091e-02,5.11077130e+01,0.00000000e+00,3.40442449e-01,3.03521662e-01,3.69207870e-02
3.96000000e-02,2.98576966e+01,1.64367234e-01,7.62759306e-02,9.35683544e-03,9.49896015e-02,5.11070642e+01,0.00000000e+00,3.42531064e-01,3.05103722e-01,3.74273418e-02
3.99000000e-02,3.00838913e+01,1.63846749e-01,7.66691239e-02,9.48412660e-03,9.56373771e-02,5.11064165e+01,0.00000000e+00,3.44613002e-01,3.06676496e-01,3.79365064e-02
4.02000000e-02,3.03100859e+01,1.63327929e-01,7.70600048e-02,9.61206630e-03,9.62841374e-02,5.11057697e+01,0.00000000e+00,3.46688285e-01,3.08240019e-01,3.84482652e-02
4.05000000e-02,3.05362806e+01,1.62810767e-01,7.74485826e-02,9.74065064e-03,9.69298839e-02,5.11051240e+01,0.00000000e+00,3.48756933e-01,3.09794330e-01,3.89626026e-02
4.08000000e-02,3.07624753e+01,1.62295258e-01,7.78348664e-02,9.86987576e-03,9.75746179e-02,5.11044792e+01,0.00000000e+00,3.50818968e-01,3.11339465e-01,3.94795030e-02
4.11000000e-02,3.09886699e+01,1.61781397e-01,7.82188652e-02,9.99973776e-03,9.82183408e-02,5.11038355e+01,0.00000000e+00,3.52874412e-01,3.12875461e-01,3.99989511e-02
4.14000000e-02,3.12148646e+01,1.61269179e-01,7.86005884e-02,1.01302328e-02,9.88610540e-02,5.11031928e+01,0.00000000e+00,3.54923285e-01,3.14402353e-01,4.05209313e-02
4.17000000e-02,3.14410593e+01,1.60758598e-01,7.89800448e-02,1.02613571e-02,9.95027590e-02,5.11025511e+01,0.00000000e+00,3.56965608e-01,3.15920179e-01,4.10454283e-02
4.20000000e-02,3.16672539e+01,1.60249650e-01,7.93572436e-02,1.03931067e-02,1.00143457e-01,5.11019104e+01,0.00000000e+00,3.59001401e-01,3.17428975e-01,4.15724269e-02
4.23000000e-02,3.18934486e+01,1.59742328e-01,7.97321939e-02,1.05254780e-02,1.00783150e-01,5.11012707e+01,0.00000000e+00,3.61030687e-01,3.18928775e-01,4.21019118e-02
4.26000000e-02,3.21196433e+01,1.59236629e-01,8.01049045e-02,1.06584670e-02,1.01421838e-01,5.11006320e+01,0.00000000e+00,3.63053486e-01,3.20419618e-01,4.26338679e-02
4.29000000e-02,3.23458380e+01,1.58732546e-01,8.04753844e-02,1.07920700e-02,1.02059524e-01,5.10999943e+01,0.00000000e+00,3.65069817e-01,3.21901537e-01,4.31682800e-02
4.32000000e-02,3.25720326e+01,1.58230074e-01,8.08436425e-02,1.09262833e-02,1.02696209e-01,5.10993576e+01,0.00000000e+00,3.67079703e-01,3.23374570e-01,4.37051331e-02
4.35000000e-02,3.27982273e+01,1.57729209e-01,8.12096878e-02,1.10611031e-02,1.03331894e-01,5.10987220e+01,0.00000000e+00,3.69083164e-01,3.24838751e-01,4.42444123e-02
4.38000000e-02,3.30244220e+01,1.57229945e-01,8.15735292e-02,1.11965256e-02,1.03966580e-01,5.10980873e+01,0.00000000e+00,3.71080219e-01,3.26294117e-01,4.47861026e-02
4.41000000e-02,3.32506166e+01,1.56732277e-01,8.19351753e-02,1.13325473e-02,1.04600270e-01,5.10974536e+01,0.00000000e+00,3.73070890e-01,3.27740701e-01,4.53301891e-02
4.44000000e-02,3.34768113e+01,1.56236201e-01,8.22946350e-02,1.14691642e-02,1.05232964e-01,5.10968209e+01,0.00000000e+00,3.75055197e-01,3.29178540e-01,4.58766570e-02
4.47000000e-02,3.37030060e+01,1.55741710e-01,8.26519172e-02,1.16063729e-02,1.05864663e-01,5.10961892e+01,0.00000000e+00,3.77033160e-01,3.30607669e-01,4.64254916e-02
4.50000000e-02,3.39292007e+01,1.55248800e-01,8.30070305e-02,1.17441695e-02,1.06495370e-01,5.10955585e+01,0.00000000e+00,3.79004800e-01,3.32028122e-01,4.69766782e-02
4.53000000e-02,3.41553953e+01,1.54757466e-01,8.33599836e-02,1.18825505e-02,1.07125085e-01,5.10949288e+01,0.00000000e+00,3.80970136e-01,3.33439934e-01,4.75302022e-02
4.56000000e-02,3.43815900e+01,1.54267703e-01,8.37107852e-02,1.20215122e-02,1.07753810e-01,5.10943000e+01,0.00000000e+00,3.82929190e-01,3.34843141e-01,4.80860489e-02
4.59000000e-02,3.46077847e+01,1.53779505e-01,8.40594439e-02,1.21610510e-02,1.08381546e-01,5.10936723e+01,0.00000000e+00,3.84881980e-01,3.36237776e-01,4.86442039e-02
4.62000000e-02,3.48339793e+01,1.53292868e-01,8.44059685e-02,1.23011632e-02,1.09008295e-01,5.10930455e+01,0.00000000e+00,3.86828527e-01,3.37623874e-01,4.92046528e-02
4.65000000e-02,3.50601740e+01,1.52807787e-01,8.47503673e-02,1.24418453e-02,1.09634058e-01,5.10924198e+01,0.00000000e+00,3.88768850e-01,3.39001469e-01,4.97673811e-02
4.68000000e-02,3.52863687e+01,1.52324257e-01,8.50926491e-02,1.25830936e-02,1.10258836e-01,5.10917950e+01,0.00000000e+00,3.90702971e-01,3.40370596e-01,5.03323744e-02
4.71000000e-02,3.55125634e+01,1.51842273e-01,8.54328223e-02,1.27249046e-02,1.10882632e-01,5.10911712e+01,0.00000000e+00,3.92630908e-01,3.41731289e-01,5.08996186e-02
4.74000000e-02,3.57387580e+01,1.51361830e-01,8.57708954e-02,1.28672748e-02,1.11505445e-01,5.10905484e+01,0.00000000e+00,3.94552681e-01,3.43083582e-01,5.14690993e-02
4.77000000e-02,3.59649527e+01,1.50882922e-01,8.61068769e-02,1.30102006e-02,1.12127278e-01,5.10899266e+01,0.00000000e+00,3.96468310e-01,3.44427508e-01,5.20408025e-02
4.80000000e-02,3.61911474e+01,1.50405546e-01,8.64407752e-02,1.31536785e-02,1.12748132e-01,5.10893057e+01,0.00000000e+00,3.98377815e-01,3.45763101e-01,5.26147139e-02
4.83000000e-02,3.64173420e+01,1.49929696e-01,8.67725988e-02,1.32977049e-02,1.13368009e-01,5.10886858e+01,0.00000000e+00,4.00281215e-01,3.47090395e-01,5.31908196e-02
4.86000000e-02,3.66435367e+01,1.49455368e-01,8.71023559e-02,1.34422764e-02,1.13986909e-01,5.10880669e+01,0.00000000e+00,4.02178529e-01,3.48409424e-01,5.37691055e-02
4.89000000e-02,3.68697314e+01,1.48982556e-01,8.74300550e-02,1.35873894e-02,1.14604834e-01,5.10874490e+01,0.00000000e+00,4.04069778e-01,3.49720220e-01,5.43495577e-02
4.92000000e-02,3.70959261e+01,1.48511255e-01,8.77557043e-02,1.37330406e-02,1.15221785e-01,5.10868321e+01,0.00000000e+00,4.05954980e-01,3.51022817e-01,5.49321623e-02
4.95000000e-02,3.73221207e+01,1.48041461e-01,8.80793122e-02,1.38792264e-02,1.15837765e-01,5.10862161e+01,0.00000000e+00,4.07834154e-01,3.52317249e-01,5.55169055e-02
4.98000000e-02,3.75483154e+01,1.47573170e-01,8.84008869e-02,1.40259434e-02,1.16452774e-01,5.10856011e+01,0.00000000e+00,4.09707321e-01,3.53603547e-01,5.61037735e-02
5.01000000e-02,3.77745101e+01,1.47106375e-01,8.87204366e-02,1.41731881e-02,1.17066813e-01,5.10849870e+01,0.00000000e+00,4.11574499e-01,3.54881746e-01,5.66927526e-02
5.04000000e-02,3.80007047e+01,1.46641073e-01,8.90379695e-02,1.43209573e-02,1.17679884e-01,5.10843740e+01,0.00000000e+00,4.13435707e-01,3.56151878e-01,5.72838291e-02
5.07000000e-02,3.82268994e+01,1.46177259e-01,8.93534938e-02,1.44692473e-02,1.18291988e-01,5.10837619e+01,0.00000000e+00,4.15290965e-01,3.57413975e-01,5.78769894e-02
5.10000000e-02,3.84530941e+01,1.45714927e-01,8.96670177e-02,1.46180550e-02,1.18903128e-01,5.10831507e+01,0.00000000e+00,4.17140291e-01,3.58668071e-01,5.84722199e-02
5.13000000e-02,3.86792888e+01,1.45254074e-01,8.99785492e-02,1.47673768e-02,1.19513303e-01,5.10825405e+01,0.00000000e+00,4.18983704e-01,3.59914197e-01,5.90695072e-02
5.16000000e-02,3.89054834e+01,1.44794694e-01,9.02880964e-02,1.49172095e-02,1.20122515e-01,5.10819313e+01,0.00000000e+00,4.20821224e-01,3.61152386e-01,5.96688378e-02
5.19000000e-02,3.91316781e+01,1.44336783e-01,9.05956675e-02,1.50675496e-02,1.20730767e-01,5.10813231e+01,0.00000000e+00,4.22652868e-01,3.62382670e-01,6.02701983e-02
5.22000000e-02,3.93578728e+01,1.43880336e-01,9.09012703e-02,1.52183939e-02,1.21338058e-01,5.10807158e+01,0.00000000e+00,4.24478657e-01,3.63605081e-01,6.08735754e-02
5.25000000e-02,3.95840674e+01,1.43425348e-01,9.12049130e-02,1.53697389e-02,1.21944391e-01,5.10801095e+01,0.00000000e+00,4.26298608e-01,3.64819652e-01,6.14789558e-02
5.28000000e-02,3.98102621e+01,1.42971815e-01,9.15066035e-02,1.55215816e-02,1.22549767e-01,5.10795041e+01,0.00000000e+00,4.28112740e-01,3.66026414e-01,6.20863262e-02
5.31000000e-02,4.00364568e+01,1.42519732e-01,9.18063497e-02,1.56739184e-02,1.23154186e-01,5.10788997e+01,0.00000000e+00,4.29921072e-01,3.67225399e-01,6.26956735e-02
5.34000000e-02,4.02626514e+01,1.42069094e-01,9.21041596e-02,1.58267462e-02,1.23757652e-01,5.10782962e+01,0.00000000e+00,4.31723623e-01,3.68416638e-01,6.33069846e-02
5.37000000e-02,4.04888461e+01,1.41619897e-01,9.24000410e-02,1.59800616e-02,1.24360164e-01,5.10776937e+01,0.00000000e+00,4.33520410e-01,3.69600164e-01,6.39202464e-02
5.40000000e-02,4.07150408e+01,1.41172137e-01,9.26940018e-02,1.61338615e-02,1.24961725e-01,5.10770921e+01,0.00000000e+00,4.35311453e-01,3.70776007e-01,6.45354458e-02
5.43000000e-02,4.09412355e+01,1.40725808e-01,9.29860498e-02,1.62881425e-02,1.25562335e-01,5.10764915e+01,0.00000000e+00,4.37096769e-01,3.71944199e-01,6.51525700e-02
5.46000000e-02,4.11674301e+01,1.40280906e-01,9.32761928e-02,1.64429015e-02,1.26161996e-01,5.10758918e+01,0.00000000e+00,4.38876377e-01,3.73104771e-01,6.57716059e-02
5.49000000e-02,4.13936248e+01,1.39837426e-01,9.35644387e-02,1.65981352e-02,1.26760709e-01,5.10752931e+01,0.00000000e+00,4.40650295e-01,3.74257755e-01,6.63925408e-02
5.52000000e-02,4.16198195e+01,1.39395364e-01,9.38507951e-02,1.67538405e-02,1.27358476e-01,5.10746954e+01,0.00000000e+00,4.42418542e-01,3.75403180e-01,6.70153618e-02
5.55000000e-02,4.18460141e+01,1.38954716e-01,9.41352697e-02,1.69100141e-02,1.27955298e-01,5.10740985e+01,0.00000000e+00,4.44181135e-01,3.76541079e-01,6.76400562e-02
5.58000000e-02,4.20722088e+01,1.38515477e-01,9.44178704e-02,1.70666528e-02,1.28551176e-01,5.10735027e+01,0.00000000e+00,4.45938093e-01,3.77671481e-01,6.82666113e-02
5.61000000e-02,4.22984035e+01,1.38077642e-01,9.46986046e-02,1.72237536e-02,1.29146112e-01,5.10729077e+01,0.00000000e+00,4.47689433e-01,3.78794419e-01,6.88950144e-02
5.64000000e-02,4.25245982e+01,1.37641207e-01,9.49774802e-02,1.73813132e-02,1.29740107e-01,5.10723137e+01,0.00000000e+00,4.49435174e-01,3.79909921e-01,6.95252529e-02
5.67000000e-02,4.27507928e+01,1.37206167e-01,9.52545046e-02,1.75393286e-02,1.30333162e-01,5.10717207e+01,0.00000000e+00,4.51175333e-01,3.81018018e-01,7.01573142e-02
5.70000000e-02,4.29769875e+01,1.36772518e-01,9.55296855e-02,1.76977965e-02,1.30925279e-01,5.10711286e+01,0.00000000e+00,4.52909928e-01,3.82118742e-01,7.07911860e-02
5.73000000e-02,4.32031822e+01,1.36340256e-01,9.58030304e-02,1.78567139e-02,1.31516458e-01,5.10705374e+01,0.00000000e+00,4.54638977e-01,3.83212122e-01,7.14268557e-02
5.76000000e-02,4.34293768e+01,1.35909375e-01,9.60745469e-02,1.80160777e-02,1.32106702e-01,5.10699471e+01,0.00000000e+00,4.56362499e-01,3.84298188e-01,7.20643108e-02
5.79000000e-02,4.36555715e+01,1.35479873e-01,9.63442425e-02,1.81758848e-02,1.32696012e-01,5.10693578e+01,0.00000000e+00,4.58080509e-01,3.85376970e-01,7.27035392e-02
5.82000000e-02,4.38817662e+01,1.35051743e-01,9.66121246e-02,1.83361321e-02,1.33284389e-01,5.10687695e+01,0.00000000e+00,4.59793027e-01,3.86448498e-01,7.33445285e-02
5.85000000e-02,4.41079609e+01,1.34624983e-01,9.68782007e-02,1.84968166e-02,1.33871834e-01,5.10681820e+01,0.00000000e+00,4.61500069e-01,3.87512803e-01,7.39872664e-02
5.88000000e-02,4.43341555e+01,1.34199587e-01,9.71424782e-02,1.86579352e-02,1.34458349e-01,5.10675955e+01,0.00000000e+00,4.63201654e-01,3.88569913e-01,7.46317408e-02
5.91000000e-02,4.45603502e+01,1.33775551e-01,9.74049646e-02,1.88194849e-02,1.35043934e-01,5.10670099e+01,0.00000000e+00,4.64897798e-01,3.89619858e-01,7.52779395e-02
5.94000000e-02,4.47865449e+01,1.33352870e-01,9.76656671e-02,1.89814626e-02,1.35628592e-01,5.10664253e+01,0.00000000e+00,4.66588519e-01,3.90662668e-01,7.59258503e-02
5.97000000e-02,4.50127395e+01,1.32931541e-01,9.79245932e-02,1.91438653e-02,1.36212324e-01,5.10658415e+01,0.00000000e+00,4.68273834e-01,3.91698373e-01,7.65754614e-02
6.00000000e-02,4.52389342e+01,1.32511560e-01,9.81817501e-02,1.93066902e-02,1.36795130e-01,5.10652587e+01,0.00000000e+00,4.69953761e-01,3.92727000e-01,7.72267606e-02
