species,true_M,estimated_M,sigma_M
EGDA,0.35770454453700146,0.3641440636357673,0.014452343784635245
EGDA,0.02778837358014863,0.027349891413572303,0.0037192390076142587
EGDA,0.48539242266002025,0.4969418146257254,0.018631549152767032
EGDA,0.21690036051320144,0.22225855507495687,0.009396333948369789
EGDA,0.06339846068768873,0.06241275256602288,0.004045903588788685
EGDA,0.39863118637655576,0.40308669206376396,0.016081086557435773
EGDA,0.09252473802806394,0.09325048901790943,0.0057711571549397345
EGDA,0.21339509790095174,0.21731801433288686,0.009164806118155008
EGDA,0.16357935470884027,0.16552491768562355,0.007564421803602952
EGDA,0.0409547557538415,0.04587742194149712,0.0049418244571637895
EGDA,0.4277744924755914,0.4348583178503686,0.016953309756106257
EGDA,0.3437251566054876,0.3456596983666696,0.013612656992951708
EGDA,0.3918322802537804,0.3958864470405311,0.01523533391638873
EGDA,0.2724161852586762,0.2787629560044869,0.011675918007051346
EGDA,0.4537183382229471,0.46568466950349985,0.017511372147858133
EGDA,0.1619121408510812,0.16714339310168694,0.00820310274379959
EGDA,0.0012221218131278633,0.0,0.003951297281382006
EGDA,0.1613874244107978,0.1678112385686037,0.007533934253828579
EGDA,0.050769197754097994,0.05384080794674021,0.004231481975416266
EGDA,0.12327149289549466,0.12228250289081208,0.006329697379636458
EGDA,0.07035103894415429,0.07343700436637869,0.004526576387619696
EGDA,0.09368905433442537,0.0931509159881421,0.005564056706300653
EGDA,0.14922863994692026,0.14893255129050423,0.007461127952231362
EGDA,0.43908331000571904,0.4387977766995981,0.01643553847036122
EGDA,0.045967158187322776,0.045568387355818724,0.003382345654128618
EGDA,0.4427631219135164,0.44367700027882995,0.01647604728434883
EGDA,0.4196331238982234,0.40712247460478324,0.01596313358322271
EGDA,0.11148518792825607,0.11469255058304842,0.006883744966186032
EGDA,0.3185677627022173,0.3201495776045827,0.013234180625793622
EGDA,0.3825040402222399,0.38626616490113785,0.014592089201098538
EGDA,0.16828560445945423,0.1754887159366505,0.008409571920423988
EGDA,0.22689899645370015,0.23028698412058612,0.009561952248102778
EGDA,0.12557973327203786,0.12397624660717602,0.00612740602275459
EGDA,0.47328163164463477,0.4792098090856808,0.018038021497995767
EGDA,0.16528666956213472,0.16266947029858486,0.00796008997147314
EGDA,0.3039529503137025,0.3030517758974117,0.012407448154434885
EGDA,0.0017861944392753015,0.0014455753572037713,0.002306122077746453
EGDA,0.12712451201252062,0.13037849275680782,0.006126221082341431
EGDA,0.41753510387984166,0.42891997002757837,0.016426275817332275
EGDA,0.48752699306356395,0.4908647285746624,0.01820893652795268
EGDA,0.20119621696266698,0.1984306096769873,0.008993511815784274
EGDA,0.08398794624327788,0.08730947494984648,0.004725502616160956
EGDA,0.4422597231210946,0.44673298756477453,0.016787192514992316
EGDA,0.20870047321915935,0.21319188486845567,0.00921212991937534
EGDA,0.2014540553789197,0.20390932436778378,0.008566368269999635
EGDA,0.12771506579763237,0.13173855315453334,0.007212357752219002
EGDA,0.34374502284684544,0.350030452569086,0.013623625670308092
EGDA,0.2885312020204889,0.2903933005575192,0.01163731683014107
EGDA,0.19268681003667815,0.19269828872837297,0.008421778922666916
EGDA,0.2950003399456146,0.2965114909837945,0.012008645148126405
EGDA,0.21022742948900142,0.22191528246159006,0.009758649315717268
EGDA,0.35549042540039916,0.3560922037398651,0.01402534836384816
EGDA,0.40498317392807337,0.41344301633693686,0.01565489514280822
EGDA,0.15792525120424505,0.15515627186544734,0.007247638524844508
EGDA,0.2224587556899033,0.21945956669006317,0.00923817783610241
EGDA,0.4754021115837682,0.47192073390699535,0.017812672135172573
EGDA,0.04822273064568261,0.04760918720529586,0.004633278437793162
EGDA,0.1753191388191067,0.1851956821218024,0.008700870707129764
EGDA,0.4261248479440269,0.4375036968156462,0.016819080030727566
EGDA,0.028603992743034767,0.028822588140179146,0.0029123281101338023
EGDA,0.3692687631713528,0.38669132028700165,0.015107267434949155
EGDA,0.28640164697261056,0.2899710832328497,0.01192645786150782
EGDA,0.2647643744898044,0.27170148299810537,0.011158876420594608
EGDA,0.35797116002232154,0.3587731549213072,0.013853299391933019
EGDA,0.1385725615525314,0.14098291819399814,0.007022743970854456
EGDA,0.0876722556241935,0.08721799666481382,0.006083979900103601
EGDA,0.10510893110024555,0.10442236982175682,0.005282981210192617
EGDA,0.3292708344734779,0.3283191774838154,0.012755535131332351
EGDA,0.206116488744794,0.20277358222006403,0.009118048598098633
EGDA,0.48803704058315506,0.503509851330986,0.01864983682874924
EGDA,0.1308073892092596,0.14131021496894453,0.006728063943347175
EGDA,0.36337901213238966,0.36811577422427605,0.014403381739400568
EGDA,0.09664370183098975,0.09383196881729258,0.006041606041659204
EGDA,0.37989427111173146,0.38626247778033573,0.015263600692635784
EGDA,0.24983972871292942,0.25609535001847045,0.010850528058757474
EGDA,0.044669645884851394,0.04677698212967794,0.003673959133144687
EGDA,0.45158114389007215,0.4515134219263535,0.01692852580199505
EGDA,0.38125350344198744,0.3772457944830524,0.014212080084654095
EGDA,0.25838834198322963,0.2543217452514051,0.01055912086861936
EGDA,0.09374104836464214,0.09585723884491844,0.005003235961172541
EGDA,0.3966279029186628,0.41565647147678697,0.016106812173024624
EGDA,0.36712361696064294,0.35794169514964047,0.014315348482996794
EGDA,0.4135826008209546,0.41640156503997033,0.01601409326928438
EGDA,0.22385269999737506,0.23095336182739004,0.010080040716270408
EGDA,0.008936411590730664,0.003117810583795883,0.003782208585316725
EGDA,0.07046106388833234,0.07610542014135857,0.0045183443579975896
EGDA,0.125561579929993,0.12664612762860689,0.007211467125577249
EGDA,0.08424721619608799,0.08426710983223962,0.004689277637649264
EGDA,0.4723322476013083,0.47142158718780963,0.017390178473839838
EGDA,0.28646846820660454,0.2843437792819878,0.011727337114921051
EGDA,0.30258874774735206,0.30858958991229923,0.01228792803331997
EGDA,0.3297972952406854,0.3256683362074111,0.01271198680155197
EGDA,0.04386357798187601,0.04152740854403626,0.004064502485772838
EGDA,0.14533561469707396,0.1478584284571408,0.007920664551225129
EGDA,0.16515635149001073,0.1689537357747712,0.007404937763941488
EGDA,0.22931969893479032,0.23043344827016096,0.009880849157448392
EGDA,0.18770062422859057,0.1874374502662553,0.008082266902102857
EGDA,0.12839985949411525,0.13241939718425064,0.006637360377527557
EGDA,0.08109661139635,0.07900300804648165,0.0050990834989282675
EGDA,0.08056638112809428,0.08230904039601937,0.004480372398540861
EGDA,0.1440279641477371,0.14310843219830044,0.006702651860269955
EGDA,0.18826848227353926,0.1937074041395075,0.008499014490400051
EGDA,0.48409932412641565,0.48141929038418513,0.017974937496447598
EGDA,0.025116851686249775,0.027555730405325624,0.003871673586038671
EGDA,0.038672227749627364,0.03728965867520078,0.0031420334856610845
EGDA,0.26115704372172677,0.2656886259475397,0.010662605687720447
EGDA,0.18901133119827523,0.2034059609024636,0.009117410400253123
EGDA,0.24637248358431407,0.24612935997354418,0.010750775545039833
EGDA,0.31974064330707663,0.3258916347713942,0.012824702071574328
EGDA,0.25524987249595404,0.25364468261218776,0.010741087212112
EGDA,0.45863136281322014,0.4821088754613615,0.01844631239694182
EGDA,0.10322286641059741,0.10138717008174762,0.005212850609426864
EGDA,0.49116542468806657,0.49271495432919493,0.018014869437126404
EGDA,0.3221589054755124,0.32983220396173296,0.012951353901681745
EGDA,0.08832116689717506,0.089258932665252,0.005775221551432441
EGDA,0.3220122792215256,0.32755974957019734,0.012721711244882182
EGDA,0.41705795021519704,0.41688481955660084,0.015613673161176405
EGDA,0.33500744899828655,0.3255919145198735,0.012512851564779099
EGDA,0.10461306848529917,0.1085927596583065,0.005654538630208623
EGDA,0.014737839084538962,0.018850158235434813,0.003969006949120972
EGMA,0.29439047108783006,0.2879102899408849,0.025311734520833126
EGMA,0.16902824624622553,0.18351780835206158,0.008323110331772505
EGMA,0.2182389604723168,0.19009186542537182,0.0320202074421167
EGMA,0.08107479478638409,0.0626920523864934,0.014653547559795484
EGMA,0.09280413863733897,0.08334237097521631,0.00668733703439159
EGMA,0.2961615151098325,0.2940306114492641,0.028117071225169498
EGMA,0.20628489881731915,0.21936768100440726,0.011273871379810813
EGMA,0.053700196157182245,0.03822894605547511,0.014032102237332231
EGMA,0.15656961922420637,0.15362098505329294,0.012652190033217405
EGMA,0.2513601780421532,0.26217276594052785,0.011307098525630225
EGMA,0.26910121153661454,0.28123059683297424,0.029691078203329033
EGMA,0.06240089719174971,0.05505839498534946,0.022114030401294952
EGMA,0.2148678392969129,0.18278268441113804,0.025381280895268307
EGMA,0.26129866085449643,0.2414760699625727,0.02004277980952646
EGMA,0.16491774690865485,0.12457546702303432,0.028794820621492984
EGMA,0.26622244252121524,0.2534313088984965,0.014991479072917405
EGMA,0.2471818603310454,0.2631071432856326,0.010745578343233872
EGMA,0.11973297145386443,0.1136104839130765,0.011697223479564912
EGMA,0.15696210632648303,0.16121123507472254,0.00823768801967232
EGMA,0.18859899844217673,0.18243598635040656,0.011286479680861184
EGMA,0.12170440408038849,0.11130208939853868,0.007354964352918329
EGMA,0.19795619292671385,0.19068171662675118,0.01048285018250683
EGMA,0.23700398121663113,0.24353134299738627,0.01359918932028309
EGMA,0.20632977338593597,0.1742552406760427,0.02783771286392933
EGMA,0.04490975847846871,0.04104396478286399,0.004992569306312846
EGMA,0.07983864553626659,0.06954010755469117,0.027373872613670008
EGMA,0.2834356003704285,0.2914509458795681,0.02773562499016592
EGMA,0.2900471877838729,0.2883890486896037,0.014028645832635937
EGMA,0.2774877964839855,0.29203109283720524,0.023409150311031846
EGMA,0.10488624161787909,0.07705462549428808,0.02393380114886154
EGMA,0.25135850287751005,0.2590832253700931,0.015294937238407172
EGMA,0.05660325907813892,0.036289813809292644,0.014782663340154862
EGMA,0.13163573204992512,0.13412165144054128,0.009885462375433302
EGMA,0.1497584506217909,0.13715259508805722,0.03064453353928849
EGMA,0.2327784858861823,0.2518862675483888,0.01446385189781424
EGMA,0.25757841715379065,0.24081940941855376,0.021452400736186934
EGMA,0.07548340913670358,0.0769355551100681,0.005497335898380616
EGMA,0.03562813354210986,0.024558993896547456,0.00859605488843692
EGMA,0.25097764049735705,0.2474562107150629,0.028369091718671448
EGMA,0.06006658996702438,0.03441009809403835,0.030530682047482282
EGMA,0.20102289730300857,0.20879517182896593,0.015413243290061093
EGMA,0.04196644459021406,0.03158075499782021,0.0062091144522788575
EGMA,0.27936838963897215,0.25699636733685244,0.02885073098147728
EGMA,0.21011255111372582,0.19351432580109243,0.015581806240620255
EGMA,0.0581972637185444,0.03402120466098701,0.012931929756260816
EGMA,0.2898316977539221,0.2823027579227366,0.014006231089728914
EGMA,0.2028858783342686,0.18821057792504858,0.02311280955097534
EGMA,0.11167966595381784,0.1044323503899623,0.01882860182963105
EGMA,0.10536285234125654,0.0973134535832633,0.013234507448356702
EGMA,0.2227390715572274,0.22159361845086356,0.020532261402307576
EGMA,0.24481774966297626,0.23128515468553051,0.017029699986947144
EGMA,0.12109091362319198,0.1140387706414119,0.023344427471928268
EGMA,0.22750382785272755,0.2150435366205727,0.026657190318114046
EGMA,0.07701553755205232,0.07417832702039033,0.010682788124472108
EGMA,0.05252419211777476,0.04568442205695393,0.014264287559456105
EGMA,0.006362319101417768,0.0,0.029884179712253323
EGMA,0.2299263466640017,0.23130569983438393,0.010673254723886284
EGMA,0.2593818201496421,0.26156327383652156,0.015737669275241752
EGMA,0.27274891093923986,0.23247675388255123,0.028909344027542565
EGMA,0.05950698840141123,0.05597815326094265,0.004413674776835291
EGMA,0.2659522453317091,0.23497001076570606,0.02548738535255017
EGMA,0.22846881611444958,0.22989272641384753,0.02036386409825819
EGMA,0.2353745487108116,0.2117052151064211,0.01906154848657502
EGMA,0.14687218506827063,0.14751468288961891,0.023090070755692412
EGMA,0.2106461636635286,0.20779529271238856,0.012400242828160626
EGMA,0.2722156414283407,0.283941275427642,0.012744120479302089
EGMA,0.07938813354633756,0.06533409148044862,0.007588827036450867
EGMA,0.11988844187048264,0.09956853478404772,0.02076166610141862
EGMA,0.18490491848848448,0.1844226237290037,0.015274403982494078
EGMA,0.20263181574008088,0.18745147910873386,0.03169362953647688
EGMA,0.15646511076328307,0.1276178547993311,0.011035335937390015
EGMA,0.014229548992448859,0.0,0.023448994203214456
EGMA,0.24109215993315303,0.2548913425604061,0.012111329988628093
EGMA,0.26823088056944044,0.27581162116424246,0.02655152561013128
EGMA,0.2537946231590872,0.24934596876549295,0.018903913124026745
EGMA,0.10513895143306819,0.10363487932394057,0.006818402056362822
EGMA,0.11905484442779166,0.09717528919349523,0.02771995510622604
EGMA,0.1127489543012119,0.09702250707490419,0.023358523709774034
EGMA,0.1803390950850886,0.16219609494996462,0.017520458914488047
EGMA,0.04379344763715137,0.03670185592213244,0.006886180964717768
EGMA,0.28143253772379373,0.261021309610074,0.027834676643231637
EGMA,0.2717732251335928,0.2615431945731224,0.02497349620408104
EGMA,0.2460409363188653,0.245423559161932,0.027072674454022158
EGMA,0.22000937384213565,0.24001920651728262,0.017647625742233747
EGMA,0.23611625565182484,0.2517913610560892,0.010279797572220853
EGMA,0.10475086581200645,0.09831869604910612,0.007040286851963497
EGMA,0.2849690561059753,0.2910639404802945,0.014193362012320467
EGMA,0.061305311862378364,0.06128116387890731,0.006607475332267296
EGMA,0.05491092330187577,0.011620071849851378,0.028894510829634228
EGMA,0.23781655191296913,0.22603392725227184,0.019830380850419854
EGMA,0.069713760841674,0.06496230490476389,0.019826017656806024
EGMA,0.14593336536586968,0.1406673068110388,0.02090504457512295
EGMA,0.17070959611493852,0.17899165194070152,0.008839228958843726
EGMA,0.2951905893479871,0.3109786564565689,0.015466115950367856
EGMA,0.035710289577901254,0.02666363695717394,0.01079111263648008
EGMA,0.16351786390366704,0.1579800976652952,0.01640464208817344
EGMA,0.1475991828753954,0.1339679958899486,0.013012347378910355
EGMA,0.15716887555507772,0.1578560940734358,0.011075952660176896
EGMA,0.17392373636602518,0.18819138509467778,0.009596841815249743
EGMA,0.020323852780453865,0.009410257702308389,0.00536310371646693
EGMA,0.03410035220053248,0.04042531466486664,0.009780674483229992
EGMA,0.13328551472781394,0.11129015343237583,0.013642241456304648
EGMA,0.21520558531035425,0.19542156989416348,0.030837315294430574
EGMA,0.19420704011228354,0.19890765085831236,0.009403565126643322
EGMA,0.05184486669065379,0.050746524400329826,0.0043513409215018865
EGMA,0.05329604441210512,0.02693036008178953,0.01652702530689462
EGMA,0.22584707067863052,0.19313722012293733,0.015587101432123237
EGMA,0.29118762515295643,0.2745135774952672,0.0190922541835976
EGMA,0.036148311054786594,0.0027913744784686762,0.020719621337565122
EGMA,0.15383772039044274,0.15263429012685834,0.017614905865225558
EGMA,0.289452005076584,0.24339891290903204,0.03118458660670607
EGMA,5.853539503555271e-05,0.0,0.0067224601255513276
EGMA,0.006770623820119448,0.0,0.029847981842510585
EGMA,0.07293106229731768,0.05031074594015687,0.021098623620935352
EGMA,0.23493656199550755,0.24034271173308377,0.011476089503288205
EGMA,0.19590623456786097,0.14879243822131924,0.021039956539518206
EGMA,0.2498641459864489,0.24301633154276966,0.0264849369606132
EGMA,0.026672932035870088,0.014412220072560678,0.0199143402885917
EGMA,0.10508884280189235,0.08626609180696054,0.008497835510537637
EGMA,0.21546687618852975,0.21959265467519334,0.01003877741656208
EG,0.1350442621867625,0.1354163311345951,0.006207123719492617
EG,0.15550380637267625,0.15739773367588536,0.00682614509453932
EG,0.14994603065186052,0.1532817707391223,0.0069615220360233375
EG,0.09121604749303049,0.09120123756229093,0.004818920008090446
EG,0.2236209346862246,0.2235100134395952,0.008957270433069028
EG,0.007588318022116158,0.009998762724729743,0.002492252234829048
EG,0.28176144989187907,0.28516020370095957,0.010877028916997275
EG,0.23535506812552975,0.23845258713734233,0.009386328536924582
EG,0.18313802355753137,0.1832353843031496,0.0076722814559867
EG,0.2976759717466581,0.29946533971935574,0.011422389888616342
EG,0.23611376644392504,0.2397805611973471,0.009553428753442207
EG,0.2636805254734431,0.26596445522214646,0.010269015437427588
EG,0.042876646576174245,0.044265140300368065,0.003510870127187498
EG,0.10013403896522627,0.10038231217613455,0.005140391593785882
EG,0.22657510816987744,0.22828817196391873,0.009226119710240534
EG,0.10850923140142944,0.1088294939226217,0.005352997450118297
EG,0.0659174166625207,0.06568802689661589,0.003989842192013475
EG,0.14639638542529096,0.1489750929375078,0.006580886624500327
EG,0.11548595947214953,0.11795919341161991,0.005606481949928413
EG,0.2913697529372258,0.29081822399553486,0.011067280667086071
EG,0.2971719832531915,0.29671635028336807,0.011267236074376014
EG,0.13734085376350766,0.13560578741341123,0.006169592699582983
EG,0.004583248294734021,0.004671579828098545,0.00213336711449091
EG,0.06512921967574148,0.06458313874884035,0.004355358731585083
EG,0.12630205068066305,0.12793270355864778,0.005917061867010489
EG,0.2997020830838243,0.30003046474520806,0.011398835815449121
EG,0.09438645100549452,0.09327663831600409,0.00489155917464733
EG,0.18890252666496812,0.18758642424652758,0.007836439182232037
EG,0.2721874693035918,0.27464766407594254,0.010583246534889417
EG,0.21689006962013443,0.2150022510484704,0.008739152969887332
EG,0.2551120426069551,0.2595812886249244,0.010079775637466506
EG,0.12007121659275646,0.11951960452823508,0.005704017696204829
EG,0.19614557913764394,0.19337390127468487,0.008001057436699132
EG,0.07806024988506084,0.07881841201700387,0.004597098460944979
EG,0.019797133839616985,0.020660262364290437,0.002682645206928889
EG,0.27108276966688316,0.2693381413887925,0.01042625174689458
EG,0.29744870889196534,0.2952125845634128,0.011257151414472729
EG,0.2776351787582,0.2821959254753874,0.010802496670829675
EG,0.29446172657116604,0.3005744671016044,0.011367167201852905
EG,0.10783462777330588,0.10853409209543571,0.005350235840013383
EG,0.1679760520070721,0.16421954069470326,0.007098750671983031
EG,0.08077765066832027,0.08066014640153386,0.00444186685296517
EG,0.030235545458378164,0.03063858463864739,0.0032198185975607216
EG,0.20738759044423605,0.20507354298685593,0.00837895108127095
EG,0.16782987131213406,0.167196216106087,0.007170986502262995
EG,0.037453839808904744,0.03654697307147969,0.0032603575923153797
EG,0.038682087421753254,0.03912051621874816,0.003290631876718316
EG,0.23401421936384945,0.23438150217274353,0.009264693411493594
EG,0.2907942432831307,0.2902921908016312,0.01103764635433293
EG,0.21867028177343614,0.21762868449804276,0.00878382878999529
EG,0.2771191890577269,0.2821953757814023,0.010801416880104345
EG,0.25060601687572726,0.24955826534905107,0.009825877374508003
EG,0.07196002148920641,0.07331825979875567,0.004327072312619349
EG,0.18081425944436824,0.17761916999511848,0.007487441873412953
EG,0.04813303415171164,0.04730670294899996,0.003407378172807964
EG,0.1390099441708368,0.14025000876875002,0.006589824349246114
EG,0.23734248006577538,0.2347238880351957,0.009285586838595542
EG,0.2883148186640412,0.29327976993356375,0.011181290027200634
EG,0.2822071486468396,0.2775049746345174,0.010830736621425288
EG,0.10650362595105246,0.10588554039415445,0.0052097334492209844
EG,0.11073409866488465,0.11121788995843247,0.005551438672778262
EG,0.1932256163037345,0.19422210057579697,0.008006767060359294
EG,0.03886842200961865,0.03891273452654681,0.0034663815089739777
EG,0.24728875549963933,0.24911669833704791,0.009754666631988722
EG,0.09849010053799175,0.09859334967300684,0.005031923678864048
EG,0.2225953535516413,0.22077499651912633,0.008834379021446426
EG,0.23841419698689892,0.23804018918596187,0.009395596241007014
EG,0.11975015930458859,0.11837321092608552,0.00566424445234082
EG,0.0818351400233422,0.08063026508104217,0.004496743380002069
EG,0.12272617475782252,0.12503775341467094,0.005918769860418405
EG,0.032444476242709415,0.032193096924682654,0.003073798680427071
EG,0.12919064248870424,0.13119338633655292,0.006081889719298815
EG,0.08671075938716906,0.08769459902653971,0.004663790847865769
EG,0.030410518970818434,0.030311231901937026,0.003397743257299401
EG,0.09532372926239042,0.09728321225973242,0.005139663594391347
EG,0.15392461399142918,0.15791261046662391,0.006857612688763938
EG,0.13309074739110957,0.1339897492944793,0.006155974351607899
EG,0.12653187035540484,0.12200763388078227,0.005815306733349442
EG,0.010845810509625886,0.009721890577302463,0.0024579211075988175
EG,0.04855246132413209,0.04904027363353494,0.003448984206335917
EG,0.22442868587027412,0.2294209781465557,0.00918529011370641
EG,0.1679034098433854,0.16491865664673763,0.007154616164149215
EG,0.15676820296347949,0.15787960032301393,0.006898542379460675
EG,0.25379834916722627,0.26235130121740546,0.01019554262950253
EG,0.0774319427390394,0.0755068849096746,0.004338548267666885
EG,0.22972310512048943,0.2322471876521121,0.009291518210991513
EG,0.1759275821237917,0.17599053397692002,0.007424953000764948
EG,0.02057714960124014,0.020513128149732468,0.002563827101659458
EG,0.13137261861712005,0.12989357106770943,0.006121668365674552
EG,0.10180965268966331,0.09984522986075292,0.0051024873725977775
EG,0.2661408614381827,0.27136339930361786,0.010462248928145422
EG,0.22765915063735817,0.22454757624424868,0.008992106171232748
EG,0.09937340176260419,0.09669499688977802,0.004962299412124641
EG,0.14704116544994725,0.14857751152096607,0.006591758142830627
EG,0.06853194858569062,0.07011605517274155,0.004123944933277947
EG,0.1303586274760328,0.12794946090522694,0.005990813959922421
EG,0.185509360877617,0.184160262418289,0.007729113562495405
EG,0.21437961695507438,0.21840155100115355,0.008760704366668745
EG,0.09534570915270844,0.09421813522134118,0.004865775985181552
EG,0.21832370466171097,0.22027862417121585,0.008899431975655474
EG,0.2307778826052341,0.23098567796734587,0.009207212427725662
EG,0.03974965359630282,0.040200818515539825,0.003394217113629491
EG,0.04387185409038445,0.04368407458049062,0.0034872045748458305
EG,0.006380839665820271,0.006735213894700942,0.002205257876808673
EG,0.04780042425598894,0.04777559869453855,0.003398024654207807
EG,0.16351866694145342,0.1659600395275995,0.007204303408629746
EG,0.16980879630897935,0.16961908164797027,0.007359796574955053
EG,0.23754774185799912,0.23830831807203118,0.009486710812642834
EG,0.2548027435377449,0.25694669160909256,0.010002543511783835
EG,0.06301473049441277,0.06166651334355046,0.0038888025950933863
EG,0.22146527441060912,0.22322673261631631,0.009138902604799864
EG,0.09006769923020252,0.0900591785276818,0.004728060829741406
EG,0.1578920725528705,0.15742711968690015,0.00694734443087035
EG,0.27265396009650855,0.2734075367856587,0.010539846108924314
EG,0.05471024841514922,0.05542447518982459,0.0036581121009965655
EG,0.15370774347910332,0.14987059883940873,0.007062191632440206
EG,0.21823729590703148,0.21872175557443171,0.008800946129268506
EG,0.08669498101911997,0.08473677351113948,0.0047174951981859585
EG,0.11140612181658707,0.10978823891244185,0.005402496621755811
EG,0.20067531213209147,0.20279862701850637,0.008303882624399904
AcOH,0.056926383740470765,0.04669333743775881,0.003874420484314327
AcOH,0.03375363560384359,0.03119341453029223,0.003110102966169309
AcOH,0.188159105741822,0.18292487812137354,0.008121945042311975
AcOH,0.16920040458554375,0.16602421701927667,0.007200526608836874
AcOH,0.5842661855890846,0.5833058789370054,0.020409342690197483
AcOH,0.07053653300355629,0.057963966042062505,0.004381645706078577
AcOH,0.3999319909018281,0.3997788553109233,0.014600659701116389
AcOH,0.35006466603975334,0.34949237481710754,0.012905533023808606
AcOH,0.5889342375220202,0.5891332063591033,0.020541063112005885
AcOH,0.2169996743941438,0.20722380691905717,0.008665910705381096
AcOH,0.519255578921654,0.5137753413172844,0.018265064663186267
AcOH,0.48162291247002825,0.47783788440734265,0.016970662099136315
AcOH,0.4261589912899787,0.41237336120523316,0.015058229689761823
AcOH,0.5912820569225579,0.5796884336150461,0.020314129012467035
AcOH,0.25458539620625514,0.24518941687809973,0.009927601194542725
AcOH,0.47846479440035405,0.466450478134172,0.016696000106543235
AcOH,0.22996300949559864,0.2268874451834382,0.009232812079060177
AcOH,0.027594844415992515,0.023102921480811903,0.0028423887275845234
AcOH,0.10124090159038679,0.09662830601215007,0.005066965776185396
AcOH,0.563112901637817,0.5584043892402729,0.01969247203184913
AcOH,0.06278282472441818,0.05881899453397194,0.003908162611512432
AcOH,0.45002890218279057,0.43948137819088146,0.015825102905562466
AcOH,0.0033273771949218433,0.0,0.002407839469846315
AcOH,0.3765440479403485,0.36709491221915763,0.01370756551430467
AcOH,0.5103194312531381,0.514156324368828,0.018239348401908207
AcOH,0.5678383314756593,0.5590816184488536,0.01966190712062621
AcOH,0.03628329493419389,0.0285335610630279,0.003522309071897719
AcOH,0.5479462539734027,0.5436231356131241,0.019151522131100048
AcOH,0.19741659321104316,0.1922719359704995,0.008246561088441713
AcOH,0.29676987147523376,0.2896426331951891,0.011167441846943012
AcOH,0.05573889268081458,0.04925833335702057,0.003812885287747156
AcOH,0.5356774745816414,0.536378049506323,0.018846071024088692
AcOH,0.19944292666892463,0.19205058801046923,0.00802673627335444
AcOH,0.34800510034471904,0.33760938339418295,0.012682293769868304
AcOH,0.2111687682575189,0.2122541222508705,0.008727903861522657
AcOH,0.43085168233397597,0.42567889662742503,0.015457171398050232
AcOH,0.5113124452495282,0.5102186791732994,0.01820726476801871
AcOH,0.36185924536940917,0.36609728769671324,0.013492731106967469
AcOH,0.021055576705084265,0.012146420377124694,0.0029813274367475134
AcOH,0.11630269884322542,0.10925499436081378,0.0054372974748535365
AcOH,0.4135512926365096,0.40496139877071713,0.01475137903287992
AcOH,0.175547344461268,0.1770186187830243,0.00749549220844867
AcOH,0.5759153461078244,0.567685952966751,0.02007881732611935
AcOH,0.310593374236019,0.302001546133174,0.01156722737538821
AcOH,0.32040923578217545,0.31611470973396727,0.01190003380633942
AcOH,0.33345183143747903,0.3203851333753725,0.012196408778676936
AcOH,0.5688498460414327,0.5715095586675364,0.01999709065775775
AcOH,0.02373407475710032,0.01742943940162163,0.002709152469826793
AcOH,0.18624559793635,0.17910035683234052,0.007626755734040674
AcOH,0.1817805023303345,0.17152864917401142,0.0074984005074100165
AcOH,0.502585354142394,0.501384710352799,0.01782030098343078
AcOH,0.4660271087838177,0.4547350847659647,0.016329899712921356
AcOH,0.09212642530349983,0.08177047251240663,0.004816814158051235
AcOH,0.2797883431675508,0.2716647158487265,0.0104823144393629
AcOH,0.1619410244836164,0.1562837714147697,0.006826097874686219
AcOH,0.5197159448582002,0.5097626929867745,0.018137229553898945
AcOH,0.4316892826353727,0.4239677961428538,0.015379061684073957
AcOH,0.09638117555919343,0.09126310086079102,0.005074370282997033
AcOH,0.44329259428349543,0.43003574466656946,0.015789529664190116
AcOH,0.2752546285099523,0.27088241549890746,0.010424502370994782
AcOH,0.22285788513433097,0.21115196905683306,0.008862356325768405
AcOH,0.13239233387944796,0.12412703293671733,0.006014001464665682
AcOH,0.4324862122572289,0.42945997471987796,0.015665391779814686
AcOH,0.3660089638435011,0.36157423663004884,0.013364383852882376
AcOH,0.1847875621252742,0.18398333809198986,0.007811045542844871
AcOH,0.07964346693111742,0.07272736132311132,0.004671742744911864
AcOH,0.37581892691312263,0.3727047667941042,0.013695017575352953
AcOH,0.18597458485641882,0.1736579187537286,0.0074555757948963726
AcOH,0.1792836105638933,0.17583159702602877,0.007596953644164147
AcOH,0.11892659905591413,0.10834691002886535,0.005616695698596968
AcOH,0.5042565148090611,0.49904064091812045,0.017823943522605384
AcOH,0.24780123092254416,0.24228147305284012,0.009592086233896064
AcOH,0.007163907242723377,0.004575772544413193,0.0026710223067485735
AcOH,0.5877567455535663,0.576645161446427,0.02028942736372621
AcOH,0.10937020109519391,0.10538907287790142,0.00566489081337697
AcOH,0.5740812369116965,0.5826491572093079,0.020297028691365324
AcOH,0.3147075411599133,0.3055145691283894,0.011629684443856448
AcOH,0.5183138793494612,0.5094459010140179,0.018202266533528907
AcOH,0.33414262751439733,0.3248053324360065,0.012215862561492574
AcOH,0.3361077664335483,0.3393177393896842,0.012595367362686493
AcOH,0.49568141125343224,0.49596283809295744,0.017716397865571405
AcOH,0.43402361699477826,0.4252694613680484,0.015429001978856282
AcOH,0.24270326653540886,0.23300400290693035,0.009432661551817026
AcOH,0.3640921745096813,0.3670833353847184,0.013621454876916338
AcOH,0.4376586686326944,0.4387515871863868,0.0161833782893761
AcOH,0.10452387317336624,0.10251131595398542,0.005214318869879488
AcOH,0.1574605330415833,0.15281400671560844,0.006956899929393461
AcOH,0.03556797509633753,0.03225286558114743,0.0029739896672921727
AcOH,0.562629740539716,0.5490114757095117,0.01934901441346119
AcOH,0.45034687821575364,0.4352235547077216,0.01576537578568337
AcOH,0.17322847461782634,0.17065285073506894,0.007400105496237771
AcOH,0.08790802306033647,0.08203639110917918,0.004636285099744204
AcOH,0.5102977947925298,0.5097200645268801,0.01802288358760565
AcOH,0.08862260116964517,0.08257057457908251,0.004834346129705711
AcOH,0.24020613634910903,0.2404568239938042,0.009485576089583062
AcOH,0.3883972239045092,0.3761495586080824,0.0138441865997068
AcOH,0.5643640018894137,0.5560905260871702,0.019658915205707804
AcOH,0.22883203578338443,0.22604877850162652,0.009071772669974873
AcOH,0.06100458908081749,0.05498390049154028,0.003803412405465643
AcOH,0.05773026814178894,0.05743650490259565,0.003759747726421247
AcOH,0.31043760160168715,0.3035144200331234,0.011539432068049338
AcOH,0.3049902093705324,0.3025783997354339,0.011532796210559521
AcOH,0.5108823620074036,0.5060921805005878,0.017924470963517233
AcOH,0.3992713991449813,0.39662056931108225,0.014543457063074337
AcOH,0.06238301325231679,0.062359324513150245,0.003887837255677293
AcOH,0.08651575464477557,0.08334351210075841,0.004813824012989247
AcOH,0.5161290218157767,0.510073372861007,0.018101076074764317
AcOH,0.20400381820220226,0.19387703200421386,0.008365464985541558
AcOH,0.4271326780283204,0.42458946962092714,0.015308868581671848
AcOH,0.4405558371771968,0.4320273013856732,0.015550424440381728
AcOH,0.4715976139643965,0.4582255455976791,0.016656186565422913
AcOH,0.16150926131677135,0.1594455943517355,0.006925014863368947
AcOH,0.1164477187362855,0.10690564439733251,0.005552340950633472
AcOH,0.2719466707458397,0.2683848657003113,0.010451159038663102
AcOH,0.2393534200121532,0.237241878611518,0.00947810826931905
AcOH,0.5350245208010043,0.5300044598434221,0.019105894164624184
AcOH,0.33855585888707146,0.3327144482127739,0.01257005179747819
AcOH,0.4375965536485639,0.4218099002525588,0.015377240649632848
AcOH,0.15851062313815958,0.15552997215171732,0.006909710561751239
AcOH,0.5484224385426236,0.5518928391943286,0.01950497087898997
