z_over_L,info_gain_nats,C_EGDA_M,C_EGMA_M,C_EG_M,C_AcOH_M
0.02,12.439964937410183,0.4538309869245556,0.043230261189006455,0.0029387518864378115,0.049107764961882135
0.0298,13.194157051124325,0.43280467271928774,0.061036387021272946,0.0061589402594391125,0.07335426754015124
0.039599999999999996,13.429730393885531,0.41270456262309335,0.07697519660579012,0.01032024077111636,0.09761567814802292
0.0494,13.37768765331866,0.39349304157153275,0.09118103936297836,0.015325919065488795,0.12183287749395602
0.059199999999999996,13.136272820318435,0.37514062846190566,0.10376905641844093,0.02109031511965328,0.14594968665774763
0.06899999999999999,12.757439709581341,0.35780602479285856,0.11453019622660317,0.027663778980538085,0.16985775418767948
0.0788,12.27308959491064,0.3412919892093906,0.12389125517626699,0.034816755614342255,0.19352476640495167
0.0886,11.705244756123221,0.32550468875353195,0.132063359131158,0.04243195211530985,0.21692726336177787
0.09839999999999999,11.070848916762053,0.3104144289055038,0.13913961112986956,0.05044595996462637,0.2400315310591225
0.10819999999999999,10.38450143323696,0.2960019528424428,0.14519468780076913,0.05880335935678779,0.2628014065143449
0.118,9.660395144433297,0.28233174546237794,0.15019055436907244,0.06747770016854941,0.2851459547061715
0.1278,8.914050511406767,0.2693503744660251,0.15426118777925332,0.07638843775472134,0.3070380632886962
0.1376,8.164059179880702,0.25694649243334144,0.15759766476687664,0.08545584279978162,0.32850935036644013
0.14739999999999998,7.4335072460114064,0.24508877116594394,0.160273365110676,0.0946378637233798,0.3495490925574359
0.15719999999999998,6.7498243802248865,0.23376420170029158,0.1623372290417031,0.10389856925800502,0.3701343675577134
0.16699999999999998,6.141118490237302,0.22301137511165747,0.16378714327017502,0.11320148161816723,0.39019010650650976
0.1768,5.628712669808416,0.21276949653305316,0.16472577885038467,0.12250472461656191,0.40973522808350876
0.18660000000000002,5.2202287162908165,0.20301773205005916,0.1652073944186226,0.13177487353131795,0.4287571414812588
0.19639999999999996,4.909130157970759,0.1936937587447519,0.16531620438064162,0.14099003687460623,0.44729627812985434
0.2062,4.680478987330392,0.18478827426639313,0.16508437022472097,0.15012735550888556,0.46533908124249246
0.216,4.517275842802969,0.17632468489206798,0.16452220509961735,0.15915311000831434,0.48282842511624635
0.22580000000000003,4.40394467484682,0.16825384938047752,0.1636916192918167,0.16805453132770545,0.4998006819472278
0.23559999999999998,4.327435659018429,0.16056517423976915,0.1626234583902884,0.17681136736994207,0.5162461931301728
0.24539999999999998,4.277323691123699,0.1532272945267621,0.16135671373363572,0.1854159917396018,0.5321886972128396
0.2552,4.245596433488541,0.1462174163079006,0.1599219762705496,0.19386060742154942,0.5476431911136488
0.265,4.226321029080025,0.13955047429504233,0.15833161090268247,0.2021179148022748,0.5625674405072324
0.27479999999999993,4.215253617025675,0.13319493309440492,0.15661762930757592,0.2101874375980188,0.5769925045036138
0.28459999999999996,4.209449085938366,0.1271174965821193,0.15480766423669695,0.21807483918118342,0.5909573425990642
0.2944,4.206916193649748,0.12133733711180739,0.15290972181926218,0.2257529410689301,0.6044156039571226
0.3042,4.206339340367603,0.11581399438046235,0.15094862869954437,0.23323737691999294,0.6174233825395306
0.31399999999999995,4.206868265773944,0.11055800197692854,0.14893519682646753,0.2405068011966036,0.6299487992196751
0.3238,4.207966182240667,0.10554859056136787,0.1468857069381993,0.24756570250043244,0.6420171119390644
0.3336,4.2093035691031755,0.10075629271257425,0.14481419281578756,0.25442951447163786,0.6536732217590635
0.3434,4.210685629412758,0.09618337671403461,0.14272922004815572,0.26108740323780927,0.6649040265237744
0.3532,4.212003592716299,0.0918270325731738,0.14064009359217558,0.26753287383465024,0.6757058412614761
0.363,4.213202482838443,0.08768011166222413,0.13855641028169763,0.2737634780560779,0.6860833663938535
0.37279999999999996,4.214260084948936,0.08372824475417462,0.13648607778692673,0.2797856774588983,0.6960574327047235
0.3826,4.215173389172798,0.07994696599175735,0.13443389360750033,0.285619140400742,0.7056721744089844
0.39239999999999997,4.215949995577154,0.07632939384886087,0.13240436632308425,0.2912662398280545,0.7149368459791934
0.40219999999999995,4.216602770922265,0.07288632329884406,0.13040509111221252,0.29670858558894303,0.7238222622900987
0.412,4.217146614385813,0.06961209782428938,0.12844160725804907,0.3019462949176613,0.7323341970933716
0.4218,4.217596570537119,0.06649202668148535,0.12651646306380462,0.3069915102547097,0.7404994835732241
0.43160000000000004,4.217966801873415,0.0635061470126088,0.12462891360816293,0.31186493937922793,0.7483587923666188
0.44139999999999996,4.218270087207857,0.060649073594355646,0.1227808582945974,0.3165700681110466,0.7559209945166907
0.4512,4.218517637576684,0.05791881272539274,0.12097507573571556,0.3211061115388913,0.7631872988134984
0.461,4.218719097157968,0.05533201381191154,0.11922166334700011,0.32544632284108793,0.7701143090291762
0.47079999999999994,4.2188826457616315,0.052866936125626166,0.11751663768711905,0.32961642618725434,0.7767494900616279
0.48059999999999997,4.219015141081121,0.050507537714228765,0.11585632518425226,0.33363613710151857,0.7831285993872895
0.4904,4.219122296496056,0.04824959802800629,0.11424112585207946,0.3375092761199138,0.7892596780919072
0.5002,4.2192088268825625,0.04608904698005061,0.11267128356996335,0.3412396694499856,0.7951506224699348
0.51,4.219278615135971,0.04403837665675697,0.1111553538339042,0.34480626950933846,0.8007678928525813
0.5197999999999999,4.219334611140198,0.04208962668558858,0.10969212287359606,0.34821825044081495,0.8061286237552261
0.5296,4.219379724393608,0.040224186727529185,0.10827379909192567,0.3515020141805447,0.8112778274530152
0.5394,4.2194160344705995,0.03843874399925574,0.10689998182038739,0.3546612741803564,0.8162225301811005
0.5491999999999999,4.219445249916606,0.03673010306153905,0.10557019251514703,0.3576997044233134,0.8209696013617741
0.5589999999999999,4.219468730330287,0.0351022158378841,0.10428820057333178,0.3606095835887837,0.8255073677508993
0.5688,4.219487595227539,0.033560359875941616,0.10305896114971247,0.36338067897434556,0.8298203190984036
0.5786,4.219502741961667,0.03208475428177255,0.10187157685988736,0.36604366885833967,0.833958914576567
0.5884,4.219514896945823,0.03067227886101282,0.1007249536777071,0.3686027674612796,0.8379304886002669
0.5982,4.219524645383329,0.029320421314665637,0.0996182829384431,0.3710612957468908,0.8417408744322251
0.608,4.219532461816398,0.028032124386340326,0.098554443822285,0.37341343179137415,0.8453813074050337
0.6178,4.219538726096645,0.026807256482585026,0.09753434979186844,0.37565839372554605,0.8488511372429608
0.6275999999999999,4.21954374410456,0.025639558434618768,0.09655452073271364,0.3778059208326671,0.8521663623980481
0.6373999999999999,4.21954776255318,0.024521716474055405,0.09561040469908237,0.3798678788268618,0.8553461623528062
0.6472,4.219550979605426,0.023451752892865548,0.09470108954389793,0.38184715756323606,0.8583954046703705
0.6569999999999999,4.219553553970539,0.022431764355474386,0.09382867840807033,0.38373955723645475,0.8613077928809804
0.6668,4.2195556129938465,0.021460093351684802,0.09299251713975787,0.3855473895085568,0.8640872961568722
0.6766,4.219557260714179,0.02053420163725783,0.09219122467702934,0.3872745736857124,0.8667403720484546
0.6864,4.219558579696979,0.019649264148604777,0.09142152137616093,0.3889292144752338,0.869279950326629
0.6961999999999999,4.219559633202668,0.018802165216631903,0.0906813273755227,0.3905165074078449,0.871714342191213
0.706,4.219560474147572,0.017994312952640798,0.08997209292314484,0.39203359412421385,0.874039281171573
0.7158,4.219561144849161,0.01722479196572901,0.08929344287088341,0.3934817651633871,0.8762569731976582
0.7255999999999999,4.219561680100685,0.016489053195558524,0.0886420331857327,0.39486891361870835,0.8783798604231497
0.7353999999999999,4.219562107897712,0.015788323432370268,0.08801911806142969,0.39619255850619955,0.8804042350738293
0.7452,4.2195624498640525,0.015117512126031074,0.08742076508455057,0.39746172278941794,0.8823442106633866
0.7549999999999999,4.219562722690848,0.014477481917885685,0.08684789359685709,0.39867462448525676,0.8841971425673709
0.7647999999999999,4.219562939725656,0.013867984713913432,0.08630050941481296,0.3998315058712731,0.8859635211573595
0.7746,4.219563112421443,0.013284956669141555,0.08577539267966802,0.4009396506511899,0.8876546939820482
0.7843999999999999,4.21956324970723,0.012728280344253327,0.08527259151110668,0.4019991281446395,0.8892708478003861
0.7942,4.2195633602941385,0.012196972481778673,0.08479140947697814,0.40301161804124275,0.8908146455594641
0.8039999999999999,4.219563450127963,0.011689771823308335,0.08433090477745947,0.40397932339923176,0.8922895515759234
0.8137999999999999,4.219563521950035,0.011206986693878386,0.08389147054631756,0.40490154275980356,0.8936945560659253
0.8236,4.219563579779232,0.010745139820491864,0.0834702112373873,0.40578464894212035,0.8950395091216284
0.8333999999999999,4.219563624607221,0.01030296916890853,0.08306611004280831,0.40663092078828267,0.8963279516193741
0.8432000000000001,4.219563660570555,0.009881737416022135,0.08268035345236628,0.4074379091316111,0.897556171715589
0.853,4.219563690439105,0.009479712725958813,0.08231150616021882,0.4082087811138218,0.8987290683878632
0.8627999999999999,4.219563712758883,0.009097283132925684,0.08195998981134842,0.4089427270557254,0.8998454439227999
0.8726,4.219563730566187,0.008731385482911996,0.08162315877691302,0.40964545574017447,0.9009140702572624
0.8824,4.2195637443499,0.008381060304840862,0.08130020726561851,0.4103187324295401,0.9019376721246993
0.8921999999999999,4.219563754615225,0.008046140768782666,0.08099103091873147,0.4109628283124853,0.9029166875437027
0.902,4.219563763292652,0.007727423761425385,0.08069639289702071,0.4115761833415534,0.9038487595801281
0.9117999999999999,4.219563769660626,0.007424486894101255,0.08041596633547246,0.4121595467704258,0.9047350598763245
0.9215999999999999,4.21956377520292,0.007134577761875148,0.0801473102985451,0.4127181119395793,0.905583534177704
0.9314,4.219563779533392,0.006856995759854199,0.07988981890381405,0.41325318533633126,0.9063961895764769
0.9411999999999999,4.219563783132346,0.0065912565176660404,0.07964307799356138,0.4137656654887721,0.9071744089711059
0.951,4.2195637860744855,0.006337978685558692,0.07940767672457481,0.41425434458986604,0.9079163659043074
0.9608,4.219563788336832,0.006098014767466076,0.07918442420053218,0.4147175610320013,0.9086195462645353
0.9705999999999999,4.219563790317476,0.0058682968107593506,0.07897054421363815,0.415161158975602,0.9092928621648427
0.9803999999999999,4.2195637916859665,0.005648338535934567,0.07876560749995724,0.41558605396410764,0.9099377154281733
0.9902,4.219563792906696,0.005437756848053234,0.07856927723213024,0.415992965919816,0.9105552090717628
1.0,4.2195637938354436,0.005236181907458974,0.07838122708101963,0.41638259101152086,0.911146409104062
