x_m,C_EGMA_T40C,C_EGMA_T70C,C_EGMA_T100C,C_EGMA_T130C,C_EGMA_T150C
0.00000000e+00,0.00000000e+00,0.00000000e+00,0.00000000e+00,0.00000000e+00,0.00000000e+00
3.00000000e-03,2.66116132e-04,1.67978248e-03,7.76194774e-03,2.71208895e-02,5.27629264e-02
6.00000000e-03,5.31816065e-04,3.34258566e-03,1.51511646e-02,4.94663820e-02,8.62927245e-02
9.00000000e-03,7.97100308e-04,4.98854298e-03,2.21815118e-02,6.76855413e-02,1.05990995e-01
1.20000000e-02,1.06196937e-03,6.61778693e-03,2.88663860e-02,8.23479489e-02,1.15892245e-01
1.50000000e-02,1.32642376e-03,8.23044908e-03,3.52187340e-02,9.39528529e-02,1.18990172e-01
1.80000000e-02,1.59046398e-03,9.82666005e-03,4.12510669e-02,1.02937317e-01,1.17489395e-01
2.10000000e-02,1.85409053e-03,1.14065495e-02,4.69754740e-02,1.09683469e-01,1.12998974e-01
2.40000000e-02,2.11730394e-03,1.29702463e-02,5.24036358e-02,1.14524955e-01,1.06680638e-01
2.70000000e-02,2.38010469e-03,1.45178783e-02,5.75468370e-02,1.17752659e-01,9.93619087e-02
3.00000000e-02,2.64249329e-03,1.60495724e-02,6.24159790e-02,1.19619797e-01,9.16221041e-02
3.30000000e-02,2.90447026e-03,1.75654546e-02,6.70215924e-02,1.20346420e-01,8.38574814e-02
3.60000000e-02,3.16603609e-03,1.90656502e-02,7.13738482e-02,1.20123419e-01,7.63303672e-02
3.90000000e-02,3.42719128e-03,2.05502834e-02,7.54825698e-02,1.19116066e-01,6.92060531e-02
4.20000000e-02,3.68793634e-03,2.20194776e-02,7.93572436e-02,1.17467144e-01,6.25803677e-02
4.50000000e-02,3.94827177e-03,2.34733552e-02,8.30070305e-02,1.15299721e-01,5.65001695e-02
4.80000000e-02,4.20819807e-03,2.49120380e-02,8.64407752e-02,1.12719600e-01,5.09784842e-02
5.10000000e-02,4.46771574e-03,2.63356466e-02,8.96670177e-02,1.09817479e-01,4.60056029e-02
5.40000000e-02,4.72682528e-03,2.77443011e-02,9.26940018e-02,1.06670860e-01,4.15571496e-02
5.70000000e-02,4.98552719e-03,2.91381203e-02,9.55296855e-02,1.03345730e-01,3.75998813e-02
6.00000000e-02,5.24382198e-03,3.05172226e-02,9.81817501e-02,9.98980439e-02,3.40958031e-02
6.30000000e-02,5.50171013e-03,3.18817253e-02,1.00657609e-01,9.63750231e-02,3.10050351e-02
6.60000000e-02,5.75919215e-03,3.32317449e-02,1.02964416e-01,9.28163068e-02,2.82877636e-02
6.90000000e-02,6.01626853e-03,3.45673971e-02,1.05109074e-01,8.92549566e-02,2.59055247e-02
7.20000000e-02,6.27293978e-03,3.58887967e-02,1.07098244e-01,8.57183403e-02,2.38220043e-02
7.50000000e-02,6.52920638e-03,3.71960578e-02,1.08938352e-01,8.22289077e-02,2.20034955e-02
7.80000000e-02,6.78506884e-03,3.84892936e-02,1.10635597e-01,7.88048689e-02,2.04191133e-02
8.10000000e-02,7.04052764e-03,3.97686165e-02,1.12195957e-01,7.54607890e-02,1.90408444e-02
8.40000000e-02,7.29558329e-03,4.10341380e-02,1.13625200e-01,7.22081076e-02,1.78434845e-02
8.70000000e-02,7.55023628e-03,4.22859691e-02,1.14928887e-01,6.90555921e-02,1.68045059e-02
9.00000000e-02,7.80448710e-03,4.35242196e-02,1.16112380e-01,6.60097339e-02,1.59038819e-02
9.30000000e-02,8.05833624e-03,4.47489989e-02,1.17180850e-01,6.30750923e-02,1.51238894e-02
9.60000000e-02,8.31178420e-03,4.59604153e-02,1.18139281e-01,6.02545949e-02,1.44489032e-02
9.90000000e-02,8.56483147e-03,4.71585765e-02,1.18992477e-01,5.75497977e-02,1.38651917e-02
1.02000000e-01,8.81747853e-03,4.83435894e-02,1.19745071e-01,5.49611107e-02,1.33607207e-02
1.05000000e-01,9.06972589e-03,4.95155601e-02,1.20401525e-01,5.24879935e-02,1.29249677e-02
1.08000000e-01,9.32157404e-03,5.06745939e-02,1.20966139e-01,5.01291241e-02,1.25487513e-02
1.11000000e-01,9.57302345e-03,5.18207954e-02,1.21443058e-01,4.78825441e-02,1.22240737e-02
1.14000000e-01,9.82407462e-03,5.29542685e-02,1.21836274e-01,4.57457842e-02,1.19439785e-02
1.17000000e-01,1.00747280e-02,5.40751162e-02,1.22149632e-01,4.37159714e-02,1.17024238e-02
1.20000000e-01,1.03249842e-02,5.51834409e-02,1.22386836e-01,4.17899206e-02,1.14941674e-02
1.23000000e-01,1.05748436e-02,5.62793442e-02,1.22551452e-01,3.99642133e-02,1.13146655e-02
1.26000000e-01,1.08243067e-02,5.73629270e-02,1.22646915e-01,3.82352637e-02,1.11599835e-02
1.29000000e-01,1.10733740e-02,5.84342893e-02,1.22676531e-01,3.65993751e-02,1.10267168e-02
1.32000000e-01,1.13220460e-02,5.94935307e-02,1.22643484e-01,3.50527869e-02,1.09119214e-02
1.35000000e-01,1.15703231e-02,6.05407498e-02,1.22550836e-01,3.35917148e-02,1.08130529e-02
1.38000000e-01,1.18182059e-02,6.15760446e-02,1.22401536e-01,3.22123828e-02,1.07279139e-02
1.41000000e-01,1.20656949e-02,6.25995124e-02,1.22198421e-01,3.09110513e-02,1.06546072e-02
1.44000000e-01,1.23127905e-02,6.36112498e-02,1.21944219e-01,2.96840384e-02,1.05914955e-02
1.47000000e-01,1.25594931e-02,6.46113526e-02,1.21641557e-01,2.85277382e-02,1.05371665e-02
1.50000000e-01,1.28058034e-02,6.55999160e-02,1.21292959e-01,2.74386349e-02,1.04904021e-02
1.53000000e-01,1.30517218e-02,6.65770346e-02,1.20900852e-01,2.64133138e-02,1.04501523e-02
1.56000000e-01,1.32972487e-02,6.75428020e-02,1.20467571e-01,2.54484696e-02,1.04155122e-02
1.59000000e-01,1.35423846e-02,6.84973115e-02,1.19995360e-01,2.45409126e-02,1.03857016e-02
1.62000000e-01,1.37871300e-02,6.94406555e-02,1.19486375e-01,2.36875728e-02,1.03600488e-02
1.65000000e-01,1.40314855e-02,7.03729258e-02,1.18942689e-01,2.28855021e-02,1.03379750e-02
1.68000000e-01,1.42754514e-02,7.12942134e-02,1.18366293e-01,2.21318759e-02,1.03189817e-02
1.71000000e-01,1.45190283e-02,7.22046088e-02,1.17759099e-01,2.14239929e-02,1.03026397e-02
1.74000000e-01,1.47622166e-02,7.31042019e-02,1.17122944e-01,2.07592741e-02,1.02885793e-02
1.77000000e-01,1.50050168e-02,7.39930817e-02,1.16459591e-01,2.01352614e-02,1.02764824e-02
1.80000000e-01,1.52474294e-02,7.48713367e-02,1.15770734e-01,1.95496147e-02,1.02660752e-02
1.83000000e-01,1.54894549e-02,7.57390548e-02,1.15057997e-01,1.90001098e-02,1.02571217e-02
1.86000000e-01,1.57310937e-02,7.65963232e-02,1.14322940e-01,1.84846346e-02,1.02494192e-02
1.89000000e-01,1.59723464e-02,7.74432284e-02,1.13567058e-01,1.80011861e-02,1.02427930e-02
1.92000000e-01,1.62132133e-02,7.82798564e-02,1.12791786e-01,1.75478662e-02,1.02370927e-02
1.95000000e-01,1.64536950e-02,7.91062925e-02,1.11998499e-01,1.71228782e-02,1.02321892e-02
1.98000000e-01,1.66937920e-02,7.99226213e-02,1.11188517e-01,1.67245227e-02,1.02279710e-02
2.01000000e-01,1.69335047e-02,8.07289270e-02,1.10363103e-01,1.63511934e-02,1.02243425e-02
2.04000000e-01,1.71728335e-02,8.15252929e-02,1.09523469e-01,1.60013736e-02,1.02212212e-02
2.07000000e-01,1.74117790e-02,8.23118020e-02,1.08670773e-01,1.56736316e-02,1.02185363e-02
2.10000000e-01,1.76503417e-02,8.30885363e-02,1.07806128e-01,1.53666170e-02,1.02162267e-02
2.13000000e-01,1.78885220e-02,8.38555777e-02,1.06930596e-01,1.50790569e-02,1.02142401e-02
2.16000000e-01,1.81263203e-02,8.46130070e-02,1.06045194e-01,1.48097520e-02,1.02125312e-02
2.19000000e-01,1.83637372e-02,8.53609048e-02,1.05150897e-01,1.45575731e-02,1.02110613e-02
2.22000000e-01,1.86007731e-02,8.60993509e-02,1.04248636e-01,1.43214569e-02,1.02097970e-02
2.25000000e-01,1.88374285e-02,8.68284245e-02,1.03339300e-01,1.41004035e-02,1.02087094e-02
2.28000000e-01,1.90737039e-02,8.75482044e-02,1.02423741e-01,1.38934721e-02,1.02077740e-02
2.31000000e-01,1.93095997e-02,8.82587686e-02,1.01502770e-01,1.36997786e-02,1.02069693e-02
2.34000000e-01,1.95451163e-02,8.89601946e-02,1.00577165e-01,1.35184918e-02,1.02062772e-02
2.37000000e-01,1.97802544e-02,8.96525594e-02,9.96476660e-02,1.33488310e-02,1.02056819e-02
2.40000000e-01,2.00150143e-02,9.03359395e-02,9.87149801e-02,1.31900631e-02,1.02051699e-02
2.43000000e-01,2.02493964e-02,9.10104106e-02,9.77797815e-02,1.30414994e-02,1.02047294e-02
2.46000000e-01,2.04834014e-02,9.16760479e-02,9.68427130e-02,1.29024938e-02,1.02043506e-02
2.49000000e-01,2.07170295e-02,9.23329263e-02,9.59043871e-02,1.27724398e-02,1.02040247e-02
2.52000000e-01,2.09502814e-02,9.29811199e-02,9.49653872e-02,1.26507684e-02,1.02037444e-02
2.55000000e-01,2.11831574e-02,9.36207022e-02,9.40262683e-02,1.25369461e-02,1.02035034e-02
2.58000000e-01,2.14156580e-02,9.42517465e-02,9.30875588e-02,1.24304722e-02,1.02032960e-02
2.61000000e-01,2.16477838e-02,9.48743251e-02,9.21497608e-02,1.23308776e-02,1.02031176e-02
2.64000000e-01,2.18795350e-02,9.54885101e-02,9.12133516e-02,1.22377223e-02,1.02029642e-02
2.67000000e-01,2.21109123e-02,9.60943729e-02,9.02787842e-02,1.21505941e-02,1.02028323e-02
2.70000000e-01,2.23419161e-02,9.66919846e-02,8.93464887e-02,1.20691065e-02,1.02027188e-02
2.73000000e-01,2.25725467e-02,9.72814154e-02,8.84168727e-02,1.19928976e-02,1.02026212e-02
2.76000000e-01,2.28028048e-02,9.78627354e-02,8.74903228e-02,1.19216282e-02,1.02025372e-02
2.79000000e-01,2.30326907e-02,9.84360138e-02,8.65672045e-02,1.18549805e-02,1.02024650e-02
2.82000000e-01,2.32622050e-02,9.90013195e-02,8.56478640e-02,1.17926572e-02,1.02024029e-02
2.85000000e-01,2.34913480e-02,9.95587209e-02,8.47326281e-02,1.17343794e-02,1.02023494e-02
2.88000000e-01,2.37201203e-02,1.00108286e-01,8.38218058e-02,1.16798863e-02,1.02023035e-02
2.91000000e-01,2.39485222e-02,1.00650082e-01,8.29156881e-02,1.16289336e-02,1.02022639e-02
2.94000000e-01,2.41765543e-02,1.01184175e-01,8.20145493e-02,1.15812927e-02,1.02022299e-02
2.97000000e-01,2.44042170e-02,1.01710632e-01,8.11186478e-02,1.15367494e-02,1.02022007e-02
3.00000000e-01,2.46315108e-02,1.02229520e-01,8.02282261e-02,1.14951034e-02,1.02021755e-02
3.03000000e-01,2.48584361e-02,1.02740902e-01,7.93435120e-02,1.14561671e-02,1.02021539e-02
3.06000000e-01,2.50849933e-02,1.03244845e-01,7.84647189e-02,1.14197651e-02,1.02021353e-02
3.09000000e-01,2.53111830e-02,1.03741412e-01,7.75920465e-02,1.13857331e-02,1.02021193e-02
3.12000000e-01,2.55370056e-02,1.04230667e-01,7.67256813e-02,1.13539175e-02,1.02021055e-02
3.15000000e-01,2.57624615e-02,1.04712674e-01,7.58657972e-02,1.13241744e-02,1.02020937e-02
3.18000000e-01,2.59875512e-02,1.05187496e-01,7.50125560e-02,1.12963694e-02,1.02020835e-02
3.21000000e-01,2.62122752e-02,1.05655195e-01,7.41661079e-02,1.12703765e-02,1.02020747e-02
3.24000000e-01,2.64366338e-02,1.06115834e-01,7.33265918e-02,1.12460782e-02,1.02020672e-02
3.27000000e-01,2.66606276e-02,1.06569473e-01,7.24941362e-02,1.12233643e-02,1.02020607e-02
3.30000000e-01,2.68842570e-02,1.07016174e-01,7.16688592e-02,1.12021317e-02,1.02020551e-02
3.33000000e-01,2.71075225e-02,1.07455998e-01,7.08508692e-02,1.11822841e-02,1.02020503e-02
3.36000000e-01,2.73304245e-02,1.07889004e-01,7.00402652e-02,1.11637315e-02,1.02020462e-02
3.39000000e-01,2.75529634e-02,1.08315253e-01,6.92371373e-02,1.11463895e-02,1.02020427e-02
3.42000000e-01,2.77751397e-02,1.08734803e-01,6.84415669e-02,1.11301793e-02,1.02020396e-02
3.45000000e-01,2.79969539e-02,1.09147714e-01,6.76536274e-02,1.11150272e-02,1.02020370e-02
3.48000000e-01,2.82184064e-02,1.09554044e-01,6.68733841e-02,1.11008644e-02,1.02020347e-02
3.51000000e-01,2.84394976e-02,1.09953851e-01,6.61008950e-02,1.10876263e-02,1.02020328e-02
3.54000000e-01,2.86602281e-02,1.10347192e-01,6.53362109e-02,1.10752526e-02,1.02020311e-02
3.57000000e-01,2.88805982e-02,1.10734125e-01,6.45793758e-02,1.10636871e-02,1.02020297e-02
3.60000000e-01,2.91006084e-02,1.11114706e-01,6.38304270e-02,1.10528771e-02,1.02020285e-02
3.63000000e-01,2.93202591e-02,1.11488992e-01,6.30893958e-02,1.10427732e-02,1.02020274e-02
3.66000000e-01,2.95395508e-02,1.11857037e-01,6.23563073e-02,1.10333294e-02,1.02020265e-02
3.69000000e-01,2.97584839e-02,1.12218899e-01,6.16311813e-02,1.10245027e-02,1.02020257e-02
3.72000000e-01,2.99770589e-02,1.12574631e-01,6.09140318e-02,1.10162528e-02,1.02020250e-02
3.75000000e-01,3.01952763e-02,1.12924288e-01,6.02048679e-02,1.10085420e-02,1.02020244e-02
3.78000000e-01,3.04131364e-02,1.13267924e-01,5.95036937e-02,1.10013352e-02,1.02020239e-02
3.81000000e-01,3.06306397e-02,1.13605593e-01,5.88105087e-02,1.09945994e-02,1.02020235e-02
3.84000000e-01,3.08477866e-02,1.13937349e-01,5.81253081e-02,1.09883039e-02,1.02020231e-02
3.87000000e-01,3.10645777e-02,1.14263244e-01,5.74480825e-02,1.09824200e-02,1.02020228e-02
3.90000000e-01,3.12810133e-02,1.14583331e-01,5.67788188e-02,1.09769207e-02,1.02020225e-02
3.93000000e-01,3.14970938e-02,1.14897662e-01,5.61175001e-02,1.09717810e-02,1.02020223e-02
3.96000000e-01,3.17128198e-02,1.15206288e-01,5.54641059e-02,1.09669774e-02,1.02020221e-02
3.99000000e-01,3.19281916e-02,1.15509262e-01,5.48186120e-02,1.09624878e-02,1.02020219e-02
4.02000000e-01,3.21432098e-02,1.15806633e-01,5.41809914e-02,1.09582919e-02,1.02020218e-02
4.05000000e-01,3.23578746e-02,1.16098453e-01,5.35512138e-02,1.09543703e-02,1.02020216e-02
4.08000000e-01,3.25721867e-02,1.16384772e-01,5.29292459e-02,1.09507052e-02,1.02020215e-02
4.11000000e-01,3.27861463e-02,1.16665639e-01,5.23150519e-02,1.09472798e-02,1.02020214e-02
4.14000000e-01,3.29997540e-02,1.16941104e-01,5.17085933e-02,1.09440784e-02,1.02020214e-02
4.17000000e-01,3.32130102e-02,1.17211216e-01,5.11098293e-02,1.09410865e-02,1.02020213e-02
4.20000000e-01,3.34259153e-02,1.17476024e-01,5.05187165e-02,1.09382902e-02,1.02020212e-02
4.23000000e-01,3.36384698e-02,1.17735576e-01,4.99352097e-02,1.09356768e-02,1.02020212e-02
4.26000000e-01,3.38506741e-02,1.17989919e-01,4.93592614e-02,1.09332344e-02,1.02020211e-02
4.29000000e-01,3.40625286e-02,1.18239102e-01,4.87908225e-02,1.09309518e-02,1.02020211e-02
4.32000000e-01,3.42740338e-02,1.18483172e-01,4.82298418e-02,1.09288185e-02,1.02020211e-02
4.35000000e-01,3.44851901e-02,1.18722175e-01,4.76762666e-02,1.09268248e-02,1.02020210e-02
4.38000000e-01,3.46959979e-02,1.18956158e-01,4.71300427e-02,1.09249615e-02,1.02020210e-02
4.41000000e-01,3.49064577e-02,1.19185168e-01,4.65911144e-02,1.09232201e-02,1.02020210e-02
4.44000000e-01,3.51165699e-02,1.19409249e-01,4.60594247e-02,1.09215926e-02,1.02020210e-02
4.47000000e-01,3.53263349e-02,1.19628447e-01,4.55349152e-02,1.09200717e-02,1.02020210e-02
4.50000000e-01,3.55357532e-02,1.19842808e-01,4.50175265e-02,1.09186502e-02,1.02020209e-02
4.53000000e-01,3.57448252e-02,1.20052377e-01,4.45071981e-02,1.09173217e-02,1.02020209e-02
4.56000000e-01,3.59535513e-02,1.20257196e-01,4.40038685e-02,1.09160802e-02,1.02020209e-02
4.59000000e-01,3.61619320e-02,1.20457311e-01,4.35074754e-02,1.09149199e-02,1.02020209e-02
4.62000000e-01,3.63699677e-02,1.20652766e-01,4.30179555e-02,1.09138356e-02,1.02020209e-02
4.65000000e-01,3.65776588e-02,1.20843603e-01,4.25352451e-02,1.09128221e-02,1.02020209e-02
4.68000000e-01,3.67850058e-02,1.21029866e-01,4.20592793e-02,1.09118750e-02,1.02020209e-02
4.71000000e-01,3.69920090e-02,1.21211597e-01,4.15899931e-02,1.09109899e-02,1.02020209e-02
4.74000000e-01,3.71986689e-02,1.21388840e-01,4.11273208e-02,1.09101627e-02,1.02020209e-02
4.77000000e-01,3.74049860e-02,1.21561635e-01,4.06711961e-02,1.09093897e-02,1.02020209e-02
4.80000000e-01,3.76109607e-02,1.21730024e-01,4.02215525e-02,1.09086672e-02,1.02020209e-02
4.83000000e-01,3.78165933e-02,1.21894050e-01,3.97783229e-02,1.09079920e-02,1.02020209e-02
4.86000000e-01,3.80218843e-02,1.22053752e-01,3.93414402e-02,1.09073610e-02,1.02020209e-02
4.89000000e-01,3.82268342e-02,1.22209173e-01,3.89108369e-02,1.09067713e-02,1.02020209e-02
4.92000000e-01,3.84314434e-02,1.22360352e-01,3.84864452e-02,1.09062202e-02,1.02020209e-02
4.95000000e-01,3.86357122e-02,1.22507329e-01,3.80681972e-02,1.09057051e-02,1.02020209e-02
4.98000000e-01,3.88396412e-02,1.22650145e-01,3.76560252e-02,1.09052238e-02,1.02020209e-02
5.01000000e-01,3.90432307e-02,1.22788839e-01,3.72498610e-02,1.09047739e-02,1.02020209e-02
5.04000000e-01,3.92464811e-02,1.22923449e-01,3.68496366e-02,1.09043535e-02,1.02020209e-02
5.07000000e-01,3.94493930e-02,1.23054016e-01,3.64552841e-02,1.09039606e-02,1.02020209e-02
5.10000000e-01,3.96519667e-02,1.23180577e-01,3.60667354e-02,1.09035934e-02,1.02020209e-02
5.13000000e-01,3.98542025e-02,1.23303171e-01,3.56839228e-02,1.09032503e-02,1.02020209e-02
5.16000000e-01,4.00561011e-02,1.23421836e-01,3.53067784e-02,1.09029296e-02,1.02020209e-02
5.19000000e-01,4.02576627e-02,1.23536610e-01,3.49352348e-02,1.09026299e-02,1.02020209e-02
5.22000000e-01,4.04588878e-02,1.23647529e-01,3.45692244e-02,1.09023498e-02,1.02020209e-02
5.25000000e-01,4.06597769e-02,1.23754632e-01,3.42086803e-02,1.09020881e-02,1.02020209e-02
5.28000000e-01,4.08603302e-02,1.23857955e-01,3.38535353e-02,1.09018435e-02,1.02020209e-02
5.31000000e-01,4.10605484e-02,1.23957535e-01,3.35037229e-02,1.09016149e-02,1.02020209e-02
5.34000000e-01,4.12604316e-02,1.24053407e-01,3.31591768e-02,1.09014012e-02,1.02020209e-02
5.37000000e-01,4.14599805e-02,1.24145609e-01,3.28198307e-02,1.09012016e-02,1.02020209e-02
5.40000000e-01,4.16591954e-02,1.24234175e-01,3.24856191e-02,1.09010150e-02,1.02020209e-02
5.43000000e-01,4.18580768e-02,1.24319141e-01,3.21564766e-02,1.09008406e-02,1.02020209e-02
5.46000000e-01,4.20566249e-02,1.24400542e-01,3.18323381e-02,1.09006776e-02,1.02020209e-02
5.49000000e-01,4.22548403e-02,1.24478413e-01,3.15131392e-02,1.09005253e-02,1.02020209e-02
5.52000000e-01,4.24527234e-02,1.24552789e-01,3.11988156e-02,1.09003830e-02,1.02020209e-02
5.55000000e-01,4.26502746e-02,1.24623703e-01,3.08893035e-02,1.09002500e-02,1.02020209e-02
5.58000000e-01,4.28474943e-02,1.24691191e-01,3.05845397e-02,1.09001257e-02,1.02020209e-02
5.61000000e-01,4.30443830e-02,1.24755286e-01,3.02844612e-02,1.09000095e-02,1.02020209e-02
5.64000000e-01,4.32409409e-02,1.24816021e-01,2.99890058e-02,1.08999009e-02,1.02020209e-02
5.67000000e-01,4.34371686e-02,1.24873430e-01,2.96981115e-02,1.08997994e-02,1.02020209e-02
5.70000000e-01,4.36330665e-02,1.24927545e-01,2.94117168e-02,1.08997046e-02,1.02020209e-02
5.73000000e-01,4.38286349e-02,1.24978400e-01,2.91297609e-02,1.08996160e-02,1.02020209e-02
5.76000000e-01,4.40238744e-02,1.25026027e-01,2.88521834e-02,1.08995332e-02,1.02020209e-02
5.79000000e-01,4.42187852e-02,1.25070458e-01,2.85789243e-02,1.08994558e-02,1.02020209e-02
5.82000000e-01,4.44133678e-02,1.25111725e-01,2.83099243e-02,1.08993835e-02,1.02020209e-02
5.85000000e-01,4.46076227e-02,1.25149860e-01,2.80451245e-02,1.08993159e-02,1.02020209e-02
5.88000000e-01,4.48015502e-02,1.25184894e-01,2.77844668e-02,1.08992527e-02,1.02020209e-02
5.91000000e-01,4.49951507e-02,1.25216858e-01,2.75278932e-02,1.08991937e-02,1.02020209e-02
5.94000000e-01,4.51884247e-02,1.25245784e-01,2.72753467e-02,1.08991385e-02,1.02020209e-02
5.97000000e-01,4.53813725e-02,1.25271703e-01,2.70267706e-02,1.08990869e-02,1.02020209e-02
6.00000000e-01,4.55739946e-02,1.25294644e-01,2.67821089e-02,1.08990388e-02,1.02020209e-02
